student_id,provider_id,course_code,unit_code,postcode,suburb,result_code,concession,fee_exempt,std_fee_per_hour,qualification_issued,volume
S0001,RTO14,11368NAT,NOSUCHUNIT,5418,,20,,,1.80,,1
S0001,RTO14,11368NAT,UETTDRRF05B,9999,,20,,,1.80,,1
S0001,RTO14,ZZZ99999,BSBATSIW514,5418,,20,,,,,1
S0001,RTO14,11368NAT,ICTSUS402,5710,,20,,,,,1
S0002,RTO02,11368NAT,BSBATSIM514A,5088,,30,Y,,,Y,1
S0002,RTO02,11368NAT,FNSSUP303A,5088,,20,Y,,,Y,1
S0002,RTO02,11368NAT,BSBATSIW514,5088,,20,Y,,3.00,Y,1
S0002,RTO02,11368NAT,ICTSUS402,5088,,20,Y,,,Y,1
S0003,RTO11,11368NAT,UETTDRRF05B,5320,,20,,,3.00,Y,1
S0003,RTO11,11368NAT,ICTSUS402,5320,,51,,,,Y,1
S0003,RTO11,11368NAT,TDTT398B,5320,,20,,,,Y,1
S0003,RTO11,11368NAT,BSBATSIM514A,5320,,20,,,3.00,Y,1
S0004,RTO02,ACM20121,HLTCOM7A,5670,,20,Y,,,,1
S0004,RTO02,ACM20121,PSPTIS602A,5670,,20,Y,,,,1
S0004,RTO02,ACM20121,AHCBAC507,5670,,20,Y,,1.80,,1
S0004,RTO02,ACM20121,THHGLE02B,5670,,20,Y,,,,1
S0005,RTO14,ACM20121,AHCBAC507,5886,,20,Y,,3.00,,1
S0005,RTO14,ACM20121,PSPTIS602A,5886,,20,Y,,,,1
S0005,RTO14,ACM20121,HLTCOM7A,5886,,20,Y,,,,1
S0005,RTO14,ACM20121,THHGLE02B,5886,,30,Y,,1.80,,1
S0006,RTO02,ACM20121,HLTCOM7A,5163,,20,,,,Y,1
S0006,RTO02,ACM20121,PSPTIS602A,5163,,20,,,,Y,1
S0006,RTO02,ACM20121,THHGLE02B,5163,,20,,,,Y,1
S0006,RTO02,ACM20121,UEGNSG342A,5163,,20,,,,Y,1
S0007,RTO02,ACM20121,PSPTIS602A,5139,,20,,,1.80,Y,1
S0007,RTO02,ACM20121,AHCBAC507,5139,,20,,,,Y,1
S0007,RTO02,ACM20121,FDFOPTSM3A,5139,,20,,,1.80,Y,1
S0007,RTO02,ACM20121,UEGNSG342A,5139,,20,,,3.00,Y,1
S0008,RTO14,ACM20121,AHCBAC507,5260,,20,,,1.80,,1
S0008,RTO14,ACM20121,HLTCOM7A,5260,,20,,,,,1
S0008,RTO14,ACM20121,FDFOPTSM3A,5260,,20,,,,,1
S0008,RTO14,ACM20121,PSPTIS602A,5260,,20,,,,,1
S0009,RTO07,ACM20121,FDFOPTSM3A,5889,,20,,,,Y,1
S0009,RTO07,ACM20121,PSPTIS602A,5889,,20,,,1.80,Y,1
S0009,RTO07,ACM20121,THHGLE02B,5889,,20,,,3.00,Y,1
S0009,RTO07,ACM20121,HLTCOM7A,5889,,20,,,3.00,Y,1
S0010,RTO14,ACM20121,UEGNSG342A,5017,,20,,,,,1
S0010,RTO14,ACM20121,PSPTIS602A,5017,,20,,,,,1
S0010,RTO14,ACM20121,HLTCOM7A,5017,,20,,,1.80,,1
S0010,RTO14,ACM20121,THHGLE02B,5017,,20,,,1.80,,1
S0011,RTO02,ACM20121,PSPTIS602A,5309,,30,,,,,1
S0011,RTO02,ACM20121,UEGNSG342A,5309,,20,,,,,1
S0011,RTO02,ACM20121,FDFOPTSM3A,5309,,20,,,,,1
S0011,RTO02,ACM20121,THHGLE02B,5309,,20,,,,,1
S0012,RTO02,ACM20121,THHGLE02B,5454,,20,,,,,1
S0012,RTO02,ACM20121,FDFOPTSM3A,5454,,30,,,,,1
S0012,RTO02,ACM20121,UEGNSG342A,5454,,20,,,3.00,,1
S0012,RTO02,ACM20121,AHCBAC507,5454,,20,,,,,1
S0013,RTO14,ACM20121,PSPTIS602A,5256,,20,,,1.80,Y,1
S0013,RTO14,ACM20121,AHCBAC507,5256,,20,,,,Y,1
S0013,RTO14,ACM20121,HLTCOM7A,5256,,20,,,3.00,Y,1
S0013,RTO14,ACM20121,UEGNSG342A,5256,,20,,,,Y,1
S0014,RTO07,ACM20121,FDFOPTSM3A,5879,,20,Y,,3.00,,1
S0014,RTO07,ACM20121,PSPTIS602A,5879,,20,Y,,3.00,,1
S0014,RTO07,ACM20121,HLTCOM7A,5879,,20,Y,,3.00,,1
S0014,RTO07,ACM20121,AHCBAC507,5879,,20,Y,,,,1
S0015,RTO14,ACM20121,UEGNSG342A,5018,,51,Y,,,,1
S0015,RTO14,ACM20121,THHGLE02B,5018,,20,Y,,3.00,,1
S0015,RTO14,ACM20121,HLTCOM7A,5018,,20,Y,,,,1
S0015,RTO14,ACM20121,AHCBAC507,5018,,20,Y,,1.80,,1
S0016,RTO08,AHC30122,RIICFW307D,5722,,20,,,,Y,1
S0016,RTO08,AHC30122,TLIA3053A,5722,,20,,,3.00,Y,1
S0016,RTO08,AHC30122,AUR18168A,5722,,30,,,,Y,1
S0016,RTO08,AHC30122,TLIL4307B,5722,,20,,,,Y,1
S0017,RTO08,AHC30122,TLIL4307B,5211,,20,,,,,1
S0017,RTO08,AHC30122,TLIA3053A,5211,,20,,,3.00,,1
S0017,RTO08,AHC30122,CUVVSP38A,5211,,20,,,,,1
S0017,RTO08,AHC30122,AUR18168A,5211,,20,,,1.80,,1
S0018,RTO08,AHC30122,RIICFW307D,5415,,20,,,,,1
S0018,RTO08,AHC30122,CUVVSP38A,5415,,20,,,1.80,,1
S0018,RTO08,AHC30122,TLIA3053A,5415,,20,,,,,1
S0018,RTO08,AHC30122,AUR18168A,5415,,20,,,,,1
S0019,RTO08,AHC30122,TLIL4307B,5021,,20,,,,,1
S0019,RTO08,AHC30122,CUVVSP38A,5021,,20,,,1.80,,1
S0019,RTO08,AHC30122,TLIA3053A,5021,,20,,,3.00,,1
S0019,RTO08,AHC30122,AUR18168A,5021,,20,,,3.00,,1
S0020,RTO08,AHC30122,TLIL4307B,5452,,30,,,,,1
S0020,RTO08,AHC30122,AUR18168A,5452,,30,,,1.80,,1
S0020,RTO08,AHC30122,CHCAOD408B,5452,,20,,,3.00,,1
S0020,RTO08,AHC30122,RIICFW307D,5452,,51,,,,,1
S0021,RTO08,AHC30122,AUR18168A,5241,,30,,,,,1
S0021,RTO08,AHC30122,TLIL4307B,5241,,30,,,,,1
S0021,RTO08,AHC30122,TLIA3053A,5241,,51,,,3.00,,1
S0021,RTO08,AHC30122,RIICFW307D,5241,,20,,,,,1
S0022,RTO08,AHC30122,TLIL4307B,5480,,30,,,3.00,,1
S0022,RTO08,AHC30122,CUVVSP38A,5480,,20,,,3.00,,1
S0022,RTO08,AHC30122,TLIA3053A,5480,,20,,,,,1
S0022,RTO08,AHC30122,AUR18168A,5480,,20,,,3.00,,1
S0023,RTO08,AHC30122,AUR18168A,5085,,20,,,,,1
S0023,RTO08,AHC30122,CHCAOD408B,5085,,20,,,,,1
S0023,RTO08,AHC30122,CUVVSP38A,5085,,20,,,,,1
S0023,RTO08,AHC30122,TLIL4307B,5085,,20,,,,,1
S0024,RTO08,AHC30122,TLIA3053A,5157,,20,Y,,,Y,1
S0024,RTO08,AHC30122,AUR18168A,5157,,30,Y,,1.80,Y,1
S0024,RTO08,AHC30122,TLIL4307B,5157,,20,Y,,3.00,Y,1
S0024,RTO08,AHC30122,CUVVSP38A,5157,,20,Y,,3.00,Y,1
S0025,RTO08,AHC30122,AUR18168A,5661,,20,,,,,1
S0025,RTO08,AHC30122,TLIA3053A,5661,,20,,,1.80,,1
S0025,RTO08,AHC30122,RIICFW307D,5661,,20,,,1.80,,1
S0025,RTO08,AHC30122,CHCAOD408B,5661,,51,,,1.80,,1
S0026,RTO08,AHC30122,TLIA3053A,5133,,20,Y,,1.80,,1
S0026,RTO08,AHC30122,RIICFW307D,5133,,20,Y,,,,1
S0026,RTO08,AHC30122,AUR18168A,5133,,20,Y,,3.00,,1
S0026,RTO08,AHC30122,CHCAOD408B,5133,,30,Y,,,,1
S0027,RTO04,AHC30624,TLIM4003,5276,,20,Y,,,Y,1
S0027,RTO04,AHC30624,ICTTC038B,5276,,20,Y,,3.00,Y,1
S0027,RTO04,AHC30624,CSCORG505A,5276,,20,Y,,,Y,1
S0027,RTO04,AHC30624,AHCLSK204,5276,,20,Y,,,Y,1
S0028,RTO04,AHC30624,AHCLSK204,5139,,20,Y,,,Y,1
S0028,RTO04,AHC30624,CSCORG505A,5139,,20,Y,,1.80,Y,1
S0028,RTO04,AHC30624,TLIM4003,5139,,20,Y,,3.00,Y,1
S0028,RTO04,AHC30624,SHBHCLS002,5139,,20,Y,,1.80,Y,1
S0029,RTO04,AHC30624,ICTTC038B,5354,,20,Y,,1.80,Y,1
S0029,RTO04,AHC30624,AHCLSK204,5354,,20,Y,,,Y,1
S0029,RTO04,AHC30624,SHBHCLS002,5354,,51,Y,,,Y,1
S0029,RTO04,AHC30624,TLIM4003,5354,,20,Y,,,Y,1
S0030,RTO04,AHC30624,TLIM4003,5254,,51,,,1.80,,1
S0030,RTO04,AHC30624,AHCLSK204,5254,,20,,,1.80,,1
S0030,RTO04,AHC30624,ICTTC038B,5254,,20,,,,,1
S0030,RTO04,AHC30624,RIICC515A,5254,,20,,,,,1
S0031,RTO04,AHC30624,ICTTC038B,5259,,20,,,,,1
S0031,RTO04,AHC30624,SHBHCLS002,5259,,20,,,1.80,,1
S0031,RTO04,AHC30624,AHCLSK204,5259,,20,,,,,1
S0031,RTO04,AHC30624,RIICC515A,5259,,20,,,1.80,,1
S0032,RTO04,AHC30624,AHCLSK204,5680,,20,,,,Y,1
S0032,RTO04,AHC30624,RIICC515A,5680,,30,,,,Y,1
S0032,RTO04,AHC30624,TLIM4003,5680,,20,,,3.00,Y,1
S0032,RTO04,AHC30624,CSCORG505A,5680,,20,,,,Y,1
S0033,RTO04,AHC30624,TLIM4003,5920,,20,,,3.00,Y,1
S0033,RTO04,AHC30624,CSCORG505A,5920,,30,,,,Y,1
S0033,RTO04,AHC30624,ICTTC038B,5920,,20,,,3.00,Y,1
S0033,RTO04,AHC30624,SHBHCLS002,5920,,20,,,,Y,1
S0034,RTO04,AHC30624,TLIM4003,5173,,20,Y,,,,1
S0034,RTO04,AHC30624,AHCLSK204,5173,,30,Y,,,,1
S0034,RTO04,AHC30624,CSCORG505A,5173,,20,Y,,,,1
S0034,RTO04,AHC30624,RIICC515A,5173,,20,Y,,3.00,,1
S0035,RTO07,AHC30722,PSPWPR504A,5222,,20,,,1.80,Y,1
S0035,RTO07,AHC30722,MNQ.TL/20.A,5222,,20,,,,Y,1
S0035,RTO07,AHC30722,MTMR201A,5222,,20,,,,Y,1
S0035,RTO07,AHC30722,PSPCRT409A,5222,,51,,,,Y,1
S0036,RTO07,AHC30722,CPCCBC4050A,5661,,51,Y,,1.80,Y,1
S0036,RTO07,AHC30722,MNQ.TL/20.A,5661,,20,Y,,,Y,1
S0036,RTO07,AHC30722,MTMR201A,5661,,20,Y,,3.00,Y,1
S0036,RTO07,AHC30722,PSPCRT409A,5661,,20,Y,,,Y,1
S0037,RTO07,AHC30722,UTENES701AA,5025,,51,,,3.00,,1
S0037,RTO07,AHC30722,PSPCRT409A,5025,,20,,,,,1
S0037,RTO07,AHC30722,CPCCBC4050A,5025,,20,,,,,1
S0037,RTO07,AHC30722,MTMR201A,5025,,20,,,,,1
S0038,RTO07,AHC30722,MTMR201A,5083,,51,,,3.00,Y,1
S0038,RTO07,AHC30722,PSPWPR504A,5083,,20,,,,Y,1
S0038,RTO07,AHC30722,MNQ.TL/20.A,5083,,20,,,,Y,1
S0038,RTO07,AHC30722,PSPCRT409A,5083,,20,,,3.00,Y,1
S0039,RTO07,AHC30722,MNQ.TL/20.A,5074,,20,,,,Y,1
S0039,RTO07,AHC30722,PSPCRT409A,5074,,20,,,,Y,1
S0039,RTO07,AHC30722,UTENES701AA,5074,,30,,,,Y,1
S0039,RTO07,AHC30722,PSPWPR504A,5074,,20,,,,Y,1
S0040,RTO07,AHC30722,CPCCBC4050A,5006,,20,Y,,,Y,1
S0040,RTO07,AHC30722,UTENES701AA,5006,,30,Y,,,Y,1
S0040,RTO07,AHC30722,MNQ.TL/20.A,5006,,20,Y,,3.00,Y,1
S0040,RTO07,AHC30722,PSPCRT409A,5006,,20,Y,,1.80,Y,1
S0041,RTO07,AHC30722,CPCCBC4050A,5142,,20,,,3.00,Y,1
S0041,RTO07,AHC30722,PSPCRT409A,5142,,20,,,1.80,Y,1
S0041,RTO07,AHC30722,MTMR201A,5142,,20,,,,Y,1
S0041,RTO07,AHC30722,MNQ.TL/20.A,5142,,20,,,,Y,1
S0042,RTO07,AHC30722,PSPWPR504A,5720,,20,,,,Y,1
S0042,RTO07,AHC30722,UTENES701AA,5720,,20,,,1.80,Y,1
S0042,RTO07,AHC30722,MTMR201A,5720,,20,,,,Y,1
S0042,RTO07,AHC30722,MNQ.TL/20.A,5720,,20,,,3.00,Y,1
S0043,RTO07,AHC30722,CPCCBC4050A,5865,,51,,,,,1
S0043,RTO07,AHC30722,MNQ.TL/20.A,5865,,20,,,3.00,,1
S0043,RTO07,AHC30722,UTENES701AA,5865,,20,,,1.80,,1
S0043,RTO07,AHC30722,PSPWPR504A,5865,,20,,,,,1
S0044,RTO08,AHC31424,SROCLA003A,5360,,30,,,,,1
S0044,RTO08,AHC31424,RTE3107A,5360,,20,,,1.80,,1
S0044,RTO08,AHC31424,HLTAU501B,5360,,20,,,,,1
S0044,RTO08,AHC31424,BSBINM303A,5360,,20,,,3.00,,1
S0045,RTO10,AHC31424,SROCLA003A,5600,,51,,,,Y,1
S0045,RTO10,AHC31424,HLTAU501B,5600,,20,,,,Y,1
S0045,RTO10,AHC31424,RTE3107A,5600,,20,,,1.80,Y,1
S0045,RTO10,AHC31424,BSBINM303A,5600,,20,,,,Y,1
S0046,RTO08,AHC31424,ICAITAD057A,5480,,30,Y,,1.80,Y,1
S0046,RTO08,AHC31424,HLTAU501B,5480,,30,Y,,,Y,1
S0046,RTO08,AHC31424,BSBINM303A,5480,,20,Y,,,Y,1
S0046,RTO08,AHC31424,SROCLA003A,5480,,20,Y,,,Y,1
S0047,RTO12,AHC31424,ICAITAD057A,5246,,20,Y,,3.00,Y,1
S0047,RTO12,AHC31424,HLTAU501B,5246,,30,Y,,1.80,Y,1
S0047,RTO12,AHC31424,RTE3107A,5246,,20,Y,,3.00,Y,1
S0047,RTO12,AHC31424,SROCLA003A,5246,,20,Y,,1.80,Y,1
S0048,RTO10,AHC31424,BSBINM303A,5261,,20,,,,Y,1
S0048,RTO10,AHC31424,ICAITAD057A,5261,,20,,,,Y,1
S0048,RTO10,AHC31424,ICAS5199B,5261,,20,,,,Y,1
S0048,RTO10,AHC31424,RTE3107A,5261,,30,,,1.80,Y,1
S0049,RTO08,AHC31424,RTE3107A,5878,,20,Y,,,Y,1
S0049,RTO08,AHC31424,BSBINM303A,5878,,20,Y,,,Y,1
S0049,RTO08,AHC31424,ICAS5199B,5878,,20,Y,,3.00,Y,1
S0049,RTO08,AHC31424,SROCLA003A,5878,,30,Y,,1.80,Y,1
S0050,RTO08,AHC31424,BSBINM303A,5212,,20,,,,Y,1
S0050,RTO08,AHC31424,ICAITAD057A,5212,,20,,,3.00,Y,1
S0050,RTO08,AHC31424,SROCLA003A,5212,,20,,,3.00,Y,1
S0050,RTO08,AHC31424,HLTAU501B,5212,,20,,,1.80,Y,1
S0051,RTO12,AHC40422,CPPWMT4002A,5155,,20,,,3.00,,1
S0051,RTO12,AHC40422,CPCSFS5015A,5155,,20,,,,,1
S0051,RTO12,AHC40422,ICAITI089B,5155,,20,,,,,1
S0051,RTO12,AHC40422,PRMPFES01A,5155,,20,,,,,1
S0052,RTO12,AHC40422,CUESCE08B,5152,,20,,,,,1
S0052,RTO12,AHC40422,PRMPFES01A,5152,,20,,,1.80,,1
S0052,RTO12,AHC40422,CPCSFS5015A,5152,,20,,,,,1
S0052,RTO12,AHC40422,BSBCCO405A,5152,,20,,,,,1
S0053,RTO12,AHC40422,CUESCE08B,5343,,30,Y,,,Y,1
S0053,RTO12,AHC40422,CPPWMT4002A,5343,,20,Y,,,Y,1
S0053,RTO12,AHC40422,CPCSFS5015A,5343,,20,Y,,,Y,1
S0053,RTO12,AHC40422,ICAITI089B,5343,,20,Y,,,Y,1
S0054,RTO10,AHC40422,ICAITI089B,5050,,51,,,1.80,,1
S0054,RTO10,AHC40422,PRMPFES01A,5050,,20,,,,,1
S0054,RTO10,AHC40422,BSBCCO405A,5050,,20,,,,,1
S0054,RTO10,AHC40422,CPCSFS5015A,5050,,20,,,3.00,,1
S0055,RTO12,AHC40422,CPPWMT4002A,5141,,20,Y,,,Y,1
S0055,RTO12,AHC40422,CPCSFS5015A,5141,,30,Y,,1.80,Y,1
S0055,RTO12,AHC40422,CUESCE08B,5141,,20,Y,,,Y,1
S0055,RTO12,AHC40422,PRMPFES01A,5141,,20,Y,,,Y,1
S0056,RTO12,AHC40422,PRMPFES01A,5866,,20,Y,,3.00,,1
S0056,RTO12,AHC40422,BSBCCO405A,5866,,20,Y,,1.80,,1
S0056,RTO12,AHC40422,ICAITI089B,5866,,51,Y,,,,1
S0056,RTO12,AHC40422,CUESCE08B,5866,,20,Y,,,,1
S0057,RTO12,AHC40422,PRMPFES01A,5883,,20,Y,,,,1
S0057,RTO12,AHC40422,ICAITI089B,5883,,20,Y,,,,1
S0057,RTO12,AHC40422,CPCSFS5015A,5883,,20,Y,,3.00,,1
S0057,RTO12,AHC40422,CPPWMT4002A,5883,,20,Y,,1.80,,1
S0058,RTO12,AHC40422,ICAITI089B,5244,,20,,,,Y,1
S0058,RTO12,AHC40422,PRMPFES01A,5244,,20,,,,Y,1
S0058,RTO12,AHC40422,BSBCCO405A,5244,,20,,,,Y,1
S0058,RTO12,AHC40422,CUESCE08B,5244,,20,,,,Y,1
S0059,RTO10,AHC40422,BSBCCO405A,5415,,20,,,,Y,1
S0059,RTO10,AHC40422,CPPWMT4002A,5415,,20,,,3.00,Y,1
S0059,RTO10,AHC40422,PRMPFES01A,5415,,30,,,,Y,1
S0059,RTO10,AHC40422,CUESCE08B,5415,,20,,,,Y,1
S0060,RTO12,AHC40422,CUESCE08B,5868,,20,,,,Y,1
S0060,RTO12,AHC40422,BSBCCO405A,5868,,51,,,,Y,1
S0060,RTO12,AHC40422,ICAITI089B,5868,,20,,,1.80,Y,1
S0060,RTO12,AHC40422,CPCSFS5015A,5868,,20,,,1.80,Y,1
S0061,RTO12,AHC40422,CPPWMT4002A,5243,,20,,,,Y,1
S0061,RTO12,AHC40422,CUESCE08B,5243,,20,,,1.80,Y,1
S0061,RTO12,AHC40422,CPCSFS5015A,5243,,30,,,,Y,1
S0061,RTO12,AHC40422,PRMPFES01A,5243,,20,,,,Y,1
S0062,RTO01,AHC41316,SITEEVT005,5050,,20,Y,,1.80,Y,1
S0062,RTO01,AHC41316,CSCDOG007,5050,,20,Y,,,Y,1
S0062,RTO01,AHC41316,SITTVAF001,5050,,20,Y,,,Y,1
S0062,RTO01,AHC41316,PMBPROD431,5050,,20,Y,,,Y,1
S0063,RTO01,AHC41316,SITTVAF001,5558,,20,,,1.80,Y,1
S0063,RTO01,AHC41316,SITTGDE401,5558,,20,,,1.80,Y,1
S0063,RTO01,AHC41316,PMBPROD431,5558,,20,,,,Y,1
S0063,RTO01,AHC41316,MSS015015A,5558,,51,,,,Y,1
S0064,RTO10,AHC41316,CSCDOG007,5410,,20,Y,,3.00,Y,1
S0064,RTO10,AHC41316,MSS015015A,5410,,20,Y,,,Y,1
S0064,RTO10,AHC41316,PMBPROD431,5410,,20,Y,,3.00,Y,1
S0064,RTO10,AHC41316,SITTVAF001,5410,,20,Y,,3.00,Y,1
S0065,RTO10,AHC41316,SITTVAF001,5115,,20,,,,Y,1
S0065,RTO10,AHC41316,CSCDOG007,5115,,20,,,3.00,Y,1
S0065,RTO10,AHC41316,PMBPROD431,5115,,51,,,,Y,1
S0065,RTO10,AHC41316,SITEEVT005,5115,,20,,,1.80,Y,1
S0066,RTO01,AHC41316,CSCDOG007,5341,,20,,,3.00,,1
S0066,RTO01,AHC41316,MSS015015A,5341,,20,,,,,1
S0066,RTO01,AHC41316,SITTVAF001,5341,,30,,,1.80,,1
S0066,RTO01,AHC41316,SITEEVT005,5341,,30,,,3.00,,1
S0067,RTO10,AHC41316,CSCDOG007,5346,,20,,,1.80,Y,1
S0067,RTO10,AHC41316,SITTVAF001,5346,,20,,,,Y,1
S0067,RTO10,AHC41316,MSS015015A,5346,,20,,,,Y,1
S0067,RTO10,AHC41316,SITEEVT005,5346,,20,,,,Y,1
S0068,RTO09,AMP30216,SIRXMKT004,5242,,20,,,,,1
S0068,RTO09,AMP30216,ICTOPN5118A,5242,,20,,,,,1
S0068,RTO09,AMP30216,AURB215672A,5242,,20,,,,,1
S0068,RTO09,AMP30216,MEM25.8AA,5242,,30,,,,,1
S0069,RTO09,AMP30216,MSFFL2028,5083,,20,,,,Y,1
S0069,RTO09,AMP30216,ICTOPN5118A,5083,,20,,,,Y,1
S0069,RTO09,AMP30216,WRRSS2B,5083,,20,,,3.00,Y,1
S0069,RTO09,AMP30216,MEM25.8AA,5083,,20,,,3.00,Y,1
S0070,RTO09,AMP30216,ICTOPN5118A,5092,,20,,,1.80,Y,1
S0070,RTO09,AMP30216,MSFFL2028,5092,,20,,,,Y,1
S0070,RTO09,AMP30216,AURB215672A,5092,,20,,,,Y,1
S0070,RTO09,AMP30216,WRRSS2B,5092,,20,,,1.80,Y,1
S0071,RTO09,AMP30216,AURB215672A,5869,,30,,,,Y,1
S0071,RTO09,AMP30216,MSFFL2028,5869,,30,,,,Y,1
S0071,RTO09,AMP30216,WRRSS2B,5869,,20,,,,Y,1
S0071,RTO09,AMP30216,ICTOPN5118A,5869,,20,,,1.80,Y,1
S0072,RTO09,AMP30216,AURB215672A,5886,,20,,,3.00,,1
S0072,RTO09,AMP30216,WRRSS2B,5886,,20,,,,,1
S0072,RTO09,AMP30216,ICTOPN5118A,5886,,20,,,1.80,,1
S0072,RTO09,AMP30216,SIRXMKT004,5886,,20,,,,,1
S0073,RTO09,AMP30216,ICTOPN5118A,5204,,30,Y,,,Y,1
S0073,RTO09,AMP30216,SIRXMKT004,5204,,20,Y,,,Y,1
S0073,RTO09,AMP30216,MSFFL2028,5204,,20,Y,,1.80,Y,1
S0073,RTO09,AMP30216,MEM25.8AA,5204,,20,Y,,,Y,1
S0074,RTO09,AMP30216,MEM25.8AA,5414,,51,,,1.80,Y,1
S0074,RTO09,AMP30216,MSFFL2028,5414,,30,,,1.80,Y,1
S0074,RTO09,AMP30216,SIRXMKT004,5414,,20,,,,Y,1
S0074,RTO09,AMP30216,ICTOPN5118A,5414,,20,,,1.80,Y,1
S0075,RTO09,AMP30216,WRRSS2B,5901,,20,Y,,3.00,Y,1
S0075,RTO09,AMP30216,SIRXMKT004,5901,,20,Y,,3.00,Y,1
S0075,RTO09,AMP30216,MSFFL2028,5901,,20,Y,,,Y,1
S0075,RTO09,AMP30216,ICTOPN5118A,5901,,20,Y,,1.80,Y,1
S0076,RTO09,AMP30216,MEM25.8AA,5253,,20,,,,Y,1
S0076,RTO09,AMP30216,SIRXMKT004,5253,,51,,,3.00,Y,1
S0076,RTO09,AMP30216,WRRSS2B,5253,,20,,,3.00,Y,1
S0076,RTO09,AMP30216,ICTOPN5118A,5253,,30,,,1.80,Y,1
S0077,RTO09,AMP30216,MEM25.8AA,5881,,20,,,,Y,1
S0077,RTO09,AMP30216,WRRSS2B,5881,,51,,,,Y,1
S0077,RTO09,AMP30216,AURB215672A,5881,,51,,,3.00,Y,1
S0077,RTO09,AMP30216,SIRXMKT004,5881,,20,,,1.80,Y,1
S0078,RTO09,AMP30216,MEM25.8AA,5097,,20,,,,Y,1
S0078,RTO09,AMP30216,AURB215672A,5097,,20,,,,Y,1
S0078,RTO09,AMP30216,ICTOPN5118A,5097,,51,,,,Y,1
S0078,RTO09,AMP30216,MSFFL2028,5097,,20,,,1.80,Y,1
S0079,RTO10,AMP30322,RGRPSG202,5114,,20,,,3.00,Y,1
S0079,RTO10,AMP30322,UEENEEI028B,5114,,20,,,1.80,Y,1
S0079,RTO10,AMP30322,FWPHAR2205,5114,,20,,,,Y,1
S0079,RTO10,AMP30322,LMFMI3006A,5114,,20,,,3.00,Y,1
S0080,RTO13,AMP30322,RGRPSG202,5901,,20,,,3.00,,1
S0080,RTO13,AMP30322,FWPHAR2205,5901,,30,,,,,1
S0080,RTO13,AMP30322,LMFMI3006A,5901,,20,,,3.00,,1
S0080,RTO13,AMP30322,UEENEEI028B,5901,,30,,,1.80,,1
S0081,RTO13,AMP30322,RGRPSG202,5419,,20,,,,Y,1
S0081,RTO13,AMP30322,UEENEEI028B,5419,,30,,,,Y,1
S0081,RTO13,AMP30322,AUM8101A,5419,,20,,,3.00,Y,1
S0081,RTO13,AMP30322,FWPHAR2205,5419,,20,,,,Y,1
S0082,RTO08,AMP30322,AUM8101A,5278,,51,,,,,1
S0082,RTO08,AMP30322,LMFMI3006A,5278,,20,,,,,1
S0082,RTO08,AMP30322,RGRPSG202,5278,,20,,,3.00,,1
S0082,RTO08,AMP30322,FWPHAR2205,5278,,20,,,3.00,,1
S0083,RTO10,AMP30322,AUM8101A,5303,,20,,,3.00,Y,1
S0083,RTO10,AMP30322,RGRPSG202,5303,,20,,,3.00,Y,1
S0083,RTO10,AMP30322,UEENEEI028B,5303,,20,,,3.00,Y,1
S0083,RTO10,AMP30322,FWPHAR2205,5303,,20,,,3.00,Y,1
S0084,RTO13,AMP30322,UEENEEI028B,5653,,20,,,1.80,,1
S0084,RTO13,AMP30322,FWPHAR2205,5653,,20,,,1.80,,1
S0084,RTO13,AMP30322,RGRPSG202,5653,,51,,,,,1
S0084,RTO13,AMP30322,LMFMI3006A,5653,,30,,,,,1
S0085,RTO08,AMP30322,RGRPSG202,5894,,20,Y,,,Y,1
S0085,RTO08,AMP30322,AUM8101A,5894,,20,Y,,1.80,Y,1
S0085,RTO08,AMP30322,SIRXSLS002A,5894,,20,Y,,,Y,1
S0085,RTO08,AMP30322,LMFMI3006A,5894,,20,Y,,,Y,1
S0086,RTO10,AMP30322,SIRXSLS002A,5253,,20,,,,,1
S0086,RTO10,AMP30322,RGRPSG202,5253,,20,,,,,1
S0086,RTO10,AMP30322,LMFMI3006A,5253,,20,,,,,1
S0086,RTO10,AMP30322,AUM8101A,5253,,30,,,,,1
S0087,RTO10,AMP30322,UEENEEI028B,5018,,20,Y,,3.00,,1
S0087,RTO10,AMP30322,AUM8101A,5018,,20,Y,,,,1
S0087,RTO10,AMP30322,SIRXSLS002A,5018,,20,Y,,3.00,,1
S0087,RTO10,AMP30322,RGRPSG202,5018,,20,Y,,,,1
S0088,RTO13,AMP30322,SIRXSLS002A,5308,,20,,,,Y,1
S0088,RTO13,AMP30322,RGRPSG202,5308,,20,,,,Y,1
S0088,RTO13,AMP30322,UEENEEI028B,5308,,20,,,,Y,1
S0088,RTO13,AMP30322,FWPHAR2205,5308,,20,,,,Y,1
S0089,RTO13,AMP30322,SIRXSLS002A,5151,,20,,,,Y,1
S0089,RTO13,AMP30322,AUM8101A,5151,,20,,,3.00,Y,1
S0089,RTO13,AMP30322,RGRPSG202,5151,,20,,,3.00,Y,1
S0089,RTO13,AMP30322,LMFMI3006A,5151,,20,,,1.80,Y,1
S0090,RTO03,AMP40522,MNWG,5482,,30,Y,,1.80,Y,1
S0090,RTO03,AMP40522,FNSICACC304A,5482,,20,Y,,3.00,Y,1
S0090,RTO03,AMP40522,SISSCOP306A,5482,,20,Y,,1.80,Y,1
S0090,RTO03,AMP40522,CUFIMA05A,5482,,20,Y,,3.00,Y,1
S0091,RTO13,AMP40522,FNSICACC304A,5211,,20,Y,,,Y,1
S0091,RTO13,AMP40522,SISSCOP306A,5211,,20,Y,,1.80,Y,1
S0091,RTO13,AMP40522,CUFIMA05A,5211,,20,Y,,1.80,Y,1
S0091,RTO13,AMP40522,FNSINSV403A,5211,,20,Y,,,Y,1
S0092,RTO13,AMP40522,FNSINSV403A,5690,,20,,,3.00,,1
S0092,RTO13,AMP40522,CUFIMA05A,5690,,51,,,3.00,,1
S0092,RTO13,AMP40522,MNWG,5690,,20,,,1.80,,1
S0092,RTO13,AMP40522,CHCLAH003,5690,,20,,,3.00,,1
S0093,RTO04,AMP40522,MNWG,5400,,20,,,1.80,,1
S0093,RTO04,AMP40522,CUFIMA05A,5400,,20,,,,,1
S0093,RTO04,AMP40522,SISSCOP306A,5400,,20,,,,,1
S0093,RTO04,AMP40522,CHCLAH003,5400,,20,,,,,1
S0094,RTO04,AMP40522,CUFIMA05A,5173,,30,,,3.00,Y,1
S0094,RTO04,AMP40522,FNSICACC304A,5173,,30,,,,Y,1
S0094,RTO04,AMP40522,FNSINSV403A,5173,,51,,,1.80,Y,1
S0094,RTO04,AMP40522,CHCLAH003,5173,,20,,,1.80,Y,1
S0095,RTO08,AMP40522,CHCLAH003,5069,,20,,,,Y,1
S0095,RTO08,AMP40522,FNSICACC304A,5069,,20,,,3.00,Y,1
S0095,RTO08,AMP40522,MNWG,5069,,51,,,1.80,Y,1
S0095,RTO08,AMP40522,FNSINSV403A,5069,,20,,,3.00,Y,1
S0096,RTO11,AUR40226,FNSISV504A,5473,,30,,,3.00,,1
S0096,RTO11,AUR40226,TAETAS501A,5473,,20,,,,,1
S0096,RTO11,AUR40226,MSACMT460A,5473,,51,,,3.00,,1
S0096,RTO11,AUR40226,ICASAS301A,5473,,20,,,,,1
S0097,RTO04,AUR40226,TAETAS501A,5267,,20,Y,,,Y,1
S0097,RTO04,AUR40226,MSACMT460A,5267,,20,Y,,,Y,1
S0097,RTO04,AUR40226,MTMP2132B,5267,,51,Y,,,Y,1
S0097,RTO04,AUR40226,RUAAG4523DYA,5267,,51,Y,,3.00,Y,1
S0098,RTO04,AUR40226,ICASAS301A,5690,,51,,,1.80,,1
S0098,RTO04,AUR40226,MSACMT460A,5690,,20,,,,,1
S0098,RTO04,AUR40226,MTMP2132B,5690,,20,,,3.00,,1
S0098,RTO04,AUR40226,RUAAG4523DYA,5690,,51,,,,,1
S0099,RTO04,AUR40226,RUAAG4523DYA,5204,,20,,,,Y,1
S0099,RTO04,AUR40226,ICASAS301A,5204,,20,,,1.80,Y,1
S0099,RTO04,AUR40226,FNSISV504A,5204,,20,,,,Y,1
S0099,RTO04,AUR40226,MSACMT460A,5204,,20,,,1.80,Y,1
S0100,RTO11,AUR40226,TAETAS501A,5015,,20,,,,,1
S0100,RTO11,AUR40226,FNSISV504A,5015,,20,,,3.00,,1
S0100,RTO11,AUR40226,MSACMT460A,5015,,20,,,3.00,,1
S0100,RTO11,AUR40226,ICASAS301A,5015,,20,,,1.80,,1
S0101,RTO09,AURSS00064,CHCCS406A,5434,,20,,,1.80,Y,1
S0101,RTO09,AURSS00064,CPCCRI3015A,5434,,20,,,,Y,1
S0101,RTO09,AURSS00064,WRB07A,5434,,20,,,3.00,Y,1
S0101,RTO09,AURSS00064,LOTEA029,5434,,20,,,1.80,Y,1
S0102,RTO09,AURSS00064,TLIP3016,5552,,20,Y,,1.80,Y,1
S0102,RTO09,AURSS00064,CHCCS406A,5552,,20,Y,,,Y,1
S0102,RTO09,AURSS00064,UEPMNT410,5552,,20,Y,,3.00,Y,1
S0102,RTO09,AURSS00064,LOTEA029,5552,,20,Y,,,Y,1
S0103,RTO09,AURSS00064,WRB07A,5343,,20,,,1.80,Y,1
S0103,RTO09,AURSS00064,CPCCRI3015A,5343,,20,,,3.00,Y,1
S0103,RTO09,AURSS00064,CHCCS406A,5343,,51,,,,Y,1
S0103,RTO09,AURSS00064,UEPMNT410,5343,,20,,,,Y,1
S0104,RTO09,AURSS00064,CHCCS406A,5113,,30,,,3.00,Y,1
S0104,RTO09,AURSS00064,TLIP3016,5113,,20,,,,Y,1
S0104,RTO09,AURSS00064,UEPMNT410,5113,,20,,,1.80,Y,1
S0104,RTO09,AURSS00064,CPCCRI3015A,5113,,20,,,1.80,Y,1
S0105,RTO09,AURSS00064,CHCCS406A,5166,,20,,,3.00,Y,1
S0105,RTO09,AURSS00064,CPCCRI3015A,5166,,20,,,,Y,1
S0105,RTO09,AURSS00064,TLIP3016,5166,,20,,,,Y,1
S0105,RTO09,AURSS00064,WRB07A,5166,,20,,,1.80,Y,1
S0106,RTO09,AURSS00064,CHCCS406A,5309,,20,,,,Y,1
S0106,RTO09,AURSS00064,LOTEA029,5309,,20,,,,Y,1
S0106,RTO09,AURSS00064,UEPMNT410,5309,,20,,,1.80,Y,1
S0106,RTO09,AURSS00064,WRB07A,5309,,20,,,,Y,1
S0107,RTO09,AURSS00064,UEPMNT410,5144,,20,Y,,,Y,1
S0107,RTO09,AURSS00064,WRB07A,5144,,20,Y,,1.80,Y,1
S0107,RTO09,AURSS00064,CPCCRI3015A,5144,,20,Y,,,Y,1
S0107,RTO09,AURSS00064,LOTEA029,5144,,20,Y,,,Y,1
S0108,RTO13,CHC30125,MSFFL2024,5253,,20,Y,,3.00,,1
S0108,RTO13,CHC30125,AURB312166A,5253,,20,Y,,1.80,,1
S0108,RTO13,CHC30125,ICTTC050D,5253,,20,Y,,3.00,,1
S0108,RTO13,CHC30125,AHCBAC502A,5253,,20,Y,,,,1
S0109,RTO13,CHC30125,BCG3066A,5273,,51,,,1.80,Y,1
S0109,RTO13,CHC30125,AURB312166A,5273,,20,,,3.00,Y,1
S0109,RTO13,CHC30125,AHCBAC502A,5273,,30,,,,Y,1
S0109,RTO13,CHC30125,ICTTC050D,5273,,20,,,3.00,Y,1
S0110,RTO14,CHC30125,ICTTC050D,5357,,30,,,,Y,1
S0110,RTO14,CHC30125,ICTSAS410,5357,,30,,,,Y,1
S0110,RTO14,CHC30125,AURB312166A,5357,,30,,,3.00,Y,1
S0110,RTO14,CHC30125,MSFFL2024,5357,,20,,,1.80,Y,1
S0111,RTO14,CHC30125,ICTSAS410,5604,,20,Y,,1.80,Y,1
S0111,RTO14,CHC30125,ICTTC050D,5604,,20,Y,,3.00,Y,1
S0111,RTO14,CHC30125,AURB312166A,5604,,30,Y,,3.00,Y,1
S0111,RTO14,CHC30125,BCG3066A,5604,,20,Y,,,Y,1
S0112,RTO09,CHC30125,ICTSAS410,5900,,30,,,1.80,,1
S0112,RTO09,CHC30125,BCG3066A,5900,,20,,,,,1
S0112,RTO09,CHC30125,AHCBAC502A,5900,,20,,,,,1
S0112,RTO09,CHC30125,AURB312166A,5900,,20,,,1.80,,1
S0113,RTO14,CHC32015,CUAEVP202,5220,,20,,,3.00,Y,1
S0113,RTO14,CHC32015,MEA283,5220,,20,,,,Y,1
S0113,RTO14,CHC32015,MTMP3002C,5220,,20,,,1.80,Y,1
S0113,RTO14,CHC32015,MSS025013A,5220,,20,,,,Y,1
S0114,RTO14,CHC32015,HLTSTE307C,5261,,51,Y,,3.00,Y,1
S0114,RTO14,CHC32015,MSS025013A,5261,,20,Y,,3.00,Y,1
S0114,RTO14,CHC32015,MEA283,5261,,20,Y,,,Y,1
S0114,RTO14,CHC32015,CUAEVP202,5261,,20,Y,,,Y,1
S0115,RTO14,CHC32015,CUAEVP202,5495,,20,,,1.80,,1
S0115,RTO14,CHC32015,MEA283,5495,,20,,,,,1
S0115,RTO14,CHC32015,MTMP3002C,5495,,20,,,,,1
S0115,RTO14,CHC32015,MSS025013A,5495,,20,,,,,1
S0116,RTO14,CHC32015,MSS025013A,5870,,51,,,1.80,Y,1
S0116,RTO14,CHC32015,HLTSTE307C,5870,,20,,,,Y,1
S0116,RTO14,CHC32015,CUAEVP202,5870,,20,,,,Y,1
S0116,RTO14,CHC32015,MEA283,5870,,20,,,1.80,Y,1
S0117,RTO14,CHC32015,MTMP3002C,5244,,51,,,3.00,Y,1
S0117,RTO14,CHC32015,HLTSTE307C,5244,,20,,,3.00,Y,1
S0117,RTO14,CHC32015,MEA283,5244,,20,,,,Y,1
S0117,RTO14,CHC32015,TLIX5054,5244,,20,,,1.80,Y,1
S0118,RTO14,CHC32015,HLTSTE307C,5473,,20,,,,Y,1
S0118,RTO14,CHC32015,MSS025013A,5473,,20,,,3.00,Y,1
S0118,RTO14,CHC32015,MTMP3002C,5473,,20,,,3.00,Y,1
S0118,RTO14,CHC32015,CUAEVP202,5473,,51,,,,Y,1
S0119,RTO14,CHC32015,HLTSTE307C,5381,,20,,,1.80,Y,1
S0119,RTO14,CHC32015,CUAEVP202,5381,,20,,,,Y,1
S0119,RTO14,CHC32015,MEA283,5381,,20,,,3.00,Y,1
S0119,RTO14,CHC32015,MTMP3002C,5381,,20,,,,Y,1
S0120,RTO14,CHC32015,HLTSTE307C,5604,,20,,,,Y,1
S0120,RTO14,CHC32015,MTMP3002C,5604,,20,,,,Y,1
S0120,RTO14,CHC32015,MSS025013A,5604,,20,,,1.80,Y,1
S0120,RTO14,CHC32015,CUAEVP202,5604,,20,,,1.80,Y,1
S0121,RTO14,CHC32015,MSS025013A,5017,,20,,,,,1
S0121,RTO14,CHC32015,TLIX5054,5017,,20,,,1.80,,1
S0121,RTO14,CHC32015,MEA283,5017,,20,,,,,1
S0121,RTO14,CHC32015,MTMP3002C,5017,,20,,,,,1
S0122,RTO14,CHC32015,MSS025013A,5320,,20,,,,Y,1
S0122,RTO14,CHC32015,MTMP3002C,5320,,30,,,,Y,1
S0122,RTO14,CHC32015,MEA283,5320,,20,,,1.80,Y,1
S0122,RTO14,CHC32015,HLTSTE307C,5320,,20,,,3.00,Y,1
S0123,RTO13,CHC40221,BCGBC4027A,5355,,30,,,,Y,1
S0123,RTO13,CHC40221,CHCT9A,5355,,20,,,1.80,Y,1
S0123,RTO13,CHC40221,TLIJ3005,5355,,30,,,,Y,1
S0123,RTO13,CHC40221,SRXFIN004A,5355,,20,,,,Y,1
S0124,RTO13,CHC40221,TLIJ3005,5086,,51,,,3.00,Y,1
S0124,RTO13,CHC40221,CHCT9A,5086,,20,,,,Y,1
S0124,RTO13,CHC40221,SRXFIN004A,5086,,20,,,3.00,Y,1
S0124,RTO13,CHC40221,BCGBC4027A,5086,,20,,,,Y,1
S0125,RTO12,CHC40221,SRXFIN004A,5413,,51,Y,,,,1
S0125,RTO12,CHC40221,CHCT9A,5413,,20,Y,,,,1
S0125,RTO12,CHC40221,ACMGAS205,5413,,20,Y,,,,1
S0125,RTO12,CHC40221,AVIF0014,5413,,20,Y,,3.00,,1
S0126,RTO13,CHC40221,BCGBC4027A,5107,,20,Y,,3.00,,1
S0126,RTO13,CHC40221,AVIF0014,5107,,20,Y,,1.80,,1
S0126,RTO13,CHC40221,TLIJ3005,5107,,20,Y,,,,1
S0126,RTO13,CHC40221,ACMGAS205,5107,,20,Y,,,,1
S0127,RTO09,CHC40225,LMFFF2006A,5312,,20,,,3.00,Y,1
S0127,RTO09,CHC40225,HLTCOM502B,5312,,20,,,3.00,Y,1
S0127,RTO09,CHC40225,RTE3037A,5312,,20,,,3.00,Y,1
S0127,RTO09,CHC40225,RTD3710A,5312,,20,,,,Y,1
S0128,RTO09,CHC40225,CUACNM403,5245,,20,,,1.80,Y,1
S0128,RTO09,CHC40225,HLTCOM502B,5245,,20,,,1.80,Y,1
S0128,RTO09,CHC40225,MNMMSM627A,5245,,20,,,3.00,Y,1
S0128,RTO09,CHC40225,RTE3037A,5245,,20,,,3.00,Y,1
S0129,RTO10,CHC40225,RTE3037A,5890,,20,Y,,1.80,Y,1
S0129,RTO10,CHC40225,CUACNM403,5890,,20,Y,,,Y,1
S0129,RTO10,CHC40225,HLTCOM502B,5890,,51,Y,,,Y,1
S0129,RTO10,CHC40225,RTD3710A,5890,,20,Y,,,Y,1
S0130,RTO09,CHC40225,RTE3037A,5454,,51,Y,,1.80,Y,1
S0130,RTO09,CHC40225,RTD3710A,5454,,20,Y,,1.80,Y,1
S0130,RTO09,CHC40225,LMFFF2006A,5454,,20,Y,,,Y,1
S0130,RTO09,CHC40225,MNMMSM627A,5454,,20,Y,,,Y,1
S0131,RTO06,CHC42021,AVIO0007,5223,,20,,,1.80,Y,1
S0131,RTO06,CHC42021,UEPMNT304,5223,,20,,,,Y,1
S0131,RTO06,CHC42021,HLTAYV9A,5223,,51,,,,Y,1
S0131,RTO06,CHC42021,CULLB401B,5223,,20,,,3.00,Y,1
S0132,RTO06,CHC42021,ICTOPN505,5262,,20,,,3.00,,1
S0132,RTO06,CHC42021,AVIO0007,5262,,20,,,3.00,,1
S0132,RTO06,CHC42021,UEPMNT304,5262,,20,,,3.00,,1
S0132,RTO06,CHC42021,CULLB401B,5262,,20,,,,,1
S0133,RTO06,CHC42021,HLTAYV9A,5075,,30,,,,Y,1
S0133,RTO06,CHC42021,AVIO0007,5075,,20,,,,Y,1
S0133,RTO06,CHC42021,UEPMNT304,5075,,20,,,1.80,Y,1
S0133,RTO06,CHC42021,ICTOPN505,5075,,30,,,,Y,1
S0134,RTO06,CHC42021,AVIO0007,5083,,20,Y,,3.00,Y,1
S0134,RTO06,CHC42021,UEPMNT304,5083,,20,Y,,3.00,Y,1
S0134,RTO06,CHC42021,FDFBV2003A,5083,,30,Y,,3.00,Y,1
S0134,RTO06,CHC42021,HLTAYV9A,5083,,20,Y,,,Y,1
S0135,RTO06,CHC42021,HLTAYV9A,5600,,30,,,3.00,Y,1
S0135,RTO06,CHC42021,CULLB401B,5600,,20,,,3.00,Y,1
S0135,RTO06,CHC42021,UEPMNT304,5600,,20,,,,Y,1
S0135,RTO06,CHC42021,FDFBV2003A,5600,,20,,,3.00,Y,1
S0136,RTO06,CHC52021,RIICWD510A,5040,,20,,,,Y,1
S0136,RTO06,CHC52021,BCCCM2007B,5040,,20,,,3.00,Y,1
S0136,RTO06,CHC52021,MNMOCC1425A,5040,,20,,,3.00,Y,1
S0136,RTO06,CHC52021,SISFFIT304A,5040,,20,,,,Y,1
S0137,RTO12,CHC52021,CUVGRD401A,5126,,20,,,,Y,1
S0137,RTO12,CHC52021,BCCCM2007B,5126,,30,,,3.00,Y,1
S0137,RTO12,CHC52021,HLTAYV610B,5126,,20,,,3.00,Y,1
S0137,RTO12,CHC52021,SISFFIT304A,5126,,20,,,3.00,Y,1
S0138,RTO06,CHC52021,BCCCM2007B,5942,,51,,,1.80,Y,1
S0138,RTO06,CHC52021,RIICWD510A,5942,,20,,,,Y,1
S0138,RTO06,CHC52021,CUVGRD401A,5942,,20,,,,Y,1
S0138,RTO06,CHC52021,SISFFIT304A,5942,,20,,,1.80,Y,1
S0139,RTO12,CHC52021,CUVGRD401A,5278,,20,Y,,,,1
S0139,RTO12,CHC52021,SISFFIT304A,5278,,20,Y,,1.80,,1
S0139,RTO12,CHC52021,HLTAYV610B,5278,,20,Y,,1.80,,1
S0139,RTO12,CHC52021,MNMOCC1425A,5278,,20,Y,,,,1
S0140,RTO12,CHC52021,SISFFIT304A,5201,,20,,,,Y,1
S0140,RTO12,CHC52021,CUVGRD401A,5201,,51,,,,Y,1
S0140,RTO12,CHC52021,BCCCM2007B,5201,,30,,,,Y,1
S0140,RTO12,CHC52021,MNMOCC1425A,5201,,30,,,1.80,Y,1
S0141,RTO12,CHC52021,RIICWD510A,5242,,20,Y,,1.80,,1
S0141,RTO12,CHC52021,CUVGRD401A,5242,,20,Y,,,,1
S0141,RTO12,CHC52021,BCCCM2007B,5242,,30,Y,,1.80,,1
S0141,RTO12,CHC52021,MNMOCC1425A,5242,,51,Y,,1.80,,1
S0142,RTO07,CHC52021,RIICWD510A,5159,,20,Y,,,Y,1
S0142,RTO07,CHC52021,HLTAYV610B,5159,,20,Y,,1.80,Y,1
S0142,RTO07,CHC52021,SISFFIT304A,5159,,20,Y,,1.80,Y,1
S0142,RTO07,CHC52021,CUVGRD401A,5159,,20,Y,,,Y,1
S0143,RTO15,CHC52025,RUAAG3517BCA,5521,,20,Y,,,Y,1
S0143,RTO15,CHC52025,AHCTRF201,5521,,20,Y,,3.00,Y,1
S0143,RTO15,CHC52025,AURT205166A,5521,,20,Y,,3.00,Y,1
S0143,RTO15,CHC52025,CHCAOD2B,5521,,20,Y,,,Y,1
S0144,RTO15,CHC52025,RUAAG2818RMA,5870,,20,,,1.80,Y,1
S0144,RTO15,CHC52025,AURT205166A,5870,,20,,,,Y,1
S0144,RTO15,CHC52025,AHCTRF201,5870,,20,,,,Y,1
S0144,RTO15,CHC52025,LGACORE103B,5870,,51,,,3.00,Y,1
S0145,RTO11,CHC52025,RUAAG2818RMA,5603,,20,,,,Y,1
S0145,RTO11,CHC52025,RUAAG3517BCA,5603,,20,,,1.80,Y,1
S0145,RTO11,CHC52025,LGACORE103B,5603,,20,,,3.00,Y,1
S0145,RTO11,CHC52025,AHCTRF201,5603,,20,,,,Y,1
S0146,RTO15,CHC52025,RUAAG3517BCA,5126,,20,,,,Y,1
S0146,RTO15,CHC52025,AURT205166A,5126,,20,,,1.80,Y,1
S0146,RTO15,CHC52025,LGACORE103B,5126,,20,,,,Y,1
S0146,RTO15,CHC52025,CHCAOD2B,5126,,20,,,3.00,Y,1
S0147,RTO15,CHC52025,AHCTRF201,5009,,20,,,3.00,Y,1
S0147,RTO15,CHC52025,AURT205166A,5009,,20,,,3.00,Y,1
S0147,RTO15,CHC52025,LGACORE103B,5009,,20,,,,Y,1
S0147,RTO15,CHC52025,CHCAOD2B,5009,,20,,,,Y,1
S0148,RTO11,CHC52025,RUAAG2818RMA,5170,,30,,,1.80,Y,1
S0148,RTO11,CHC52025,LGACORE103B,5170,,51,,,,Y,1
S0148,RTO11,CHC52025,AURT205166A,5170,,20,,,1.80,Y,1
S0148,RTO11,CHC52025,CHCAOD2B,5170,,20,,,,Y,1
S0149,RTO15,CHC52025,LGACORE103B,5240,,20,,,,Y,1
S0149,RTO15,CHC52025,RUAAG3517BCA,5240,,30,,,,Y,1
S0149,RTO15,CHC52025,RUAAG2818RMA,5240,,20,,,,Y,1
S0149,RTO15,CHC52025,AURT205166A,5240,,20,,,3.00,Y,1
S0150,RTO11,CHC52025,RUAAG3517BCA,5556,,20,,,,Y,1
S0150,RTO11,CHC52025,LGACORE103B,5556,,20,,,,Y,1
S0150,RTO11,CHC52025,CHCAOD2B,5556,,20,,,1.80,Y,1
S0150,RTO11,CHC52025,AHCTRF201,5556,,30,,,,Y,1
S0151,RTO15,CHC52025,CHCAOD2B,5421,,20,,,,,1
S0151,RTO15,CHC52025,RUAAG3517BCA,5421,,20,,,,,1
S0151,RTO15,CHC52025,LGACORE103B,5421,,20,,,,,1
S0151,RTO15,CHC52025,AHCTRF201,5421,,20,,,,,1
S0152,RTO15,CHC52025,LGACORE103B,5252,,20,,,,,1
S0152,RTO15,CHC52025,AURT205166A,5252,,20,,,3.00,,1
S0152,RTO15,CHC52025,RUAAG3517BCA,5252,,20,,,1.80,,1
S0152,RTO15,CHC52025,CHCAOD2B,5252,,20,,,1.80,,1
S0153,RTO15,CHC52025,LGACORE103B,5094,,20,,,1.80,Y,1
S0153,RTO15,CHC52025,AURT205166A,5094,,20,,,,Y,1
S0153,RTO15,CHC52025,RUAAG3517BCA,5094,,20,,,3.00,Y,1
S0153,RTO15,CHC52025,CHCAOD2B,5094,,30,,,1.80,Y,1
S0154,RTO09,CHC53315,CUFPPM301A,5671,,20,,,,Y,1
S0154,RTO09,CHC53315,RTD2202A,5671,,20,,,3.00,Y,1
S0154,RTO09,CHC53315,AURVNA005,5671,,20,,,3.00,Y,1
S0154,RTO09,CHC53315,AVI3W2608A,5671,,51,,,3.00,Y,1
S0155,RTO13,CHC53315,CUFPPM301A,5522,,20,Y,,3.00,Y,1
S0155,RTO13,CHC53315,AVI3W2608A,5522,,20,Y,,,Y,1
S0155,RTO13,CHC53315,BCF2011A,5522,,20,Y,,,Y,1
S0155,RTO13,CHC53315,AURVNA005,5522,,20,Y,,1.80,Y,1
S0156,RTO11,CHC53315,RTD2202A,5009,,20,Y,,1.80,,1
S0156,RTO11,CHC53315,AHCIRG505A,5009,,51,Y,,1.80,,1
S0156,RTO11,CHC53315,AURVNA005,5009,,20,Y,,1.80,,1
S0156,RTO11,CHC53315,CUFPPM301A,5009,,20,Y,,3.00,,1
S0157,RTO11,CHC53315,CUFPPM301A,5353,,30,,,1.80,,1
S0157,RTO11,CHC53315,AVI3W2608A,5353,,20,,,1.80,,1
S0157,RTO11,CHC53315,AHCIRG505A,5353,,20,,,3.00,,1
S0157,RTO11,CHC53315,AURVNA005,5353,,20,,,1.80,,1
S0158,RTO13,CHC53315,RTD2202A,5222,,30,,,3.00,,1
S0158,RTO13,CHC53315,CUFPPM301A,5222,,20,,,3.00,,1
S0158,RTO13,CHC53315,BCF2011A,5222,,20,,,1.80,,1
S0158,RTO13,CHC53315,AVI3W2608A,5222,,20,,,3.00,,1
S0159,RTO11,CHC53315,BCF2011A,5035,,30,Y,,3.00,,1
S0159,RTO11,CHC53315,AVI3W2608A,5035,,20,Y,,,,1
S0159,RTO11,CHC53315,AURVNA005,5035,,20,Y,,,,1
S0159,RTO11,CHC53315,AHCIRG505A,5035,,20,Y,,3.00,,1
S0160,RTO09,CHC53315,BCF2011A,5023,,20,Y,,,,1
S0160,RTO09,CHC53315,CUFPPM301A,5023,,20,Y,,3.00,,1
S0160,RTO09,CHC53315,RTD2202A,5023,,20,Y,,1.80,,1
S0160,RTO09,CHC53315,AHCIRG505A,5023,,20,Y,,1.80,,1
S0161,RTO11,CHC53315,RTD2202A,5134,,20,,,1.80,,1
S0161,RTO11,CHC53315,AVI3W2608A,5134,,20,,,,,1
S0161,RTO11,CHC53315,AHCIRG505A,5134,,20,,,1.80,,1
S0161,RTO11,CHC53315,AURVNA005,5134,,20,,,,,1
S0162,RTO11,CHCSS00069,HLTPAT304D,5231,,20,,,3.00,Y,1
S0162,RTO11,CHCSS00069,MSL975023,5231,,20,,,3.00,Y,1
S0162,RTO11,CHCSS00069,AHCOHS401A,5231,,20,,,1.80,Y,1
S0162,RTO11,CHCSS00069,MEM18104,5231,,20,,,3.00,Y,1
S0163,RTO15,CHCSS00069,AHCOHS401A,5156,,51,,,,Y,1
S0163,RTO15,CHCSS00069,RTE3147A,5156,,20,,,3.00,Y,1
S0163,RTO15,CHCSS00069,MEM18104,5156,,20,,,3.00,Y,1
S0163,RTO15,CHCSS00069,UEENEEC002A,5156,,20,,,,Y,1
S0164,RTO15,CHCSS00069,MSL975023,5015,,20,,,1.80,,1
S0164,RTO15,CHCSS00069,MEM18104,5015,,20,,,,,1
S0164,RTO15,CHCSS00069,UEENEEC002A,5015,,20,,,,,1
S0164,RTO15,CHCSS00069,RTE3147A,5015,,20,,,,,1
S0165,RTO15,CHCSS00069,MEM18104,5483,,30,,,,Y,1
S0165,RTO15,CHCSS00069,HLTPAT304D,5483,,20,,,,Y,1
S0165,RTO15,CHCSS00069,UEENEEC002A,5483,,51,,,1.80,Y,1
S0165,RTO15,CHCSS00069,AHCOHS401A,5483,,20,,,3.00,Y,1
S0166,RTO02,CHCSS00069,MSL975023,5256,,20,,,,Y,1
S0166,RTO02,CHCSS00069,HLTPAT304D,5256,,20,,,,Y,1
S0166,RTO02,CHCSS00069,RTE3147A,5256,,20,,,3.00,Y,1
S0166,RTO02,CHCSS00069,UEENEEC002A,5256,,20,,,3.00,Y,1
S0167,RTO02,CHCSS00069,HLTPAT304D,5866,,30,,,,,1
S0167,RTO02,CHCSS00069,MEM18104,5866,,20,,,,,1
S0167,RTO02,CHCSS00069,RTE3147A,5866,,20,,,,,1
S0167,RTO02,CHCSS00069,UEENEEC002A,5866,,20,,,1.80,,1
S0168,RTO02,CHCSS00069,MEM18104,5883,,20,,,3.00,,1
S0168,RTO02,CHCSS00069,UEENEEC002A,5883,,20,,,3.00,,1
S0168,RTO02,CHCSS00069,HLTPAT304D,5883,,20,,,1.80,,1
S0168,RTO02,CHCSS00069,AHCOHS401A,5883,,20,,,,,1
S0169,RTO08,CHCSS00129,ACMCAS403,5331,,20,,,3.00,Y,1
S0169,RTO08,CHCSS00129,LMTPRFT12A,5331,,20,,,,Y,1
S0169,RTO08,CHCSS00129,FNBFS06B,5331,,20,,,,Y,1
S0169,RTO08,CHCSS00129,PUAFOR006B,5331,,20,,,3.00,Y,1
S0170,RTO08,CHCSS00129,PUAFOR006B,5642,,20,Y,,,,1
S0170,RTO08,CHCSS00129,MEM10005B,5642,,20,Y,,3.00,,1
S0170,RTO08,CHCSS00129,ACMCAS403,5642,,20,Y,,,,1
S0170,RTO08,CHCSS00129,FNBFS06B,5642,,20,Y,,,,1
S0171,RTO08,CHCSS00129,LMTPRFT12A,5063,,20,,,1.80,Y,1
S0171,RTO08,CHCSS00129,SIRXMER004A,5063,,20,,,,Y,1
S0171,RTO08,CHCSS00129,FNBFS06B,5063,,20,,,1.80,Y,1
S0171,RTO08,CHCSS00129,PUAFOR006B,5063,,51,,,,Y,1
S0172,RTO08,CHCSS00129,LMTPRFT12A,5411,,20,,,,Y,1
S0172,RTO08,CHCSS00129,SIRXMER004A,5411,,20,,,,Y,1
S0172,RTO08,CHCSS00129,PUAFOR006B,5411,,51,,,3.00,Y,1
S0172,RTO08,CHCSS00129,MEM10005B,5411,,20,,,,Y,1
S0173,RTO07,CHCSS00129,PUAFOR006B,5720,,20,Y,,,Y,1
S0173,RTO07,CHCSS00129,LMTPRFT12A,5720,,20,Y,,1.80,Y,1
S0173,RTO07,CHCSS00129,MEM10005B,5720,,20,Y,,1.80,Y,1
S0173,RTO07,CHCSS00129,SIRXMER004A,5720,,20,Y,,3.00,Y,1
S0174,RTO07,CHCSS00129,LMTPRFT12A,5154,,51,,,,Y,1
S0174,RTO07,CHCSS00129,SIRXMER004A,5154,,20,,,3.00,Y,1
S0174,RTO07,CHCSS00129,ACMCAS403,5154,,20,,,1.80,Y,1
S0174,RTO07,CHCSS00129,FNBFS06B,5154,,20,,,3.00,Y,1
S0175,RTO01,CHCSS00130,SISSTNS205,5255,,20,,,1.80,Y,1
S0175,RTO01,CHCSS00130,PMAOPS303B,5255,,20,,,3.00,Y,1
S0175,RTO01,CHCSS00130,ICTTC233A,5255,,20,,,1.80,Y,1
S0175,RTO01,CHCSS00130,SFILEAD505B,5255,,20,,,,Y,1
S0176,RTO03,CHCSS00130,PMAOPS303B,5066,,20,,,,Y,1
S0176,RTO03,CHCSS00130,FDFCELHECA,5066,,20,,,,Y,1
S0176,RTO03,CHCSS00130,SISSTNS205,5066,,20,,,,Y,1
S0176,RTO03,CHCSS00130,FDFOHS1001A,5066,,20,,,,Y,1
S0177,RTO01,CHCSS00130,PMAOPS303B,5304,,20,,,,Y,1
S0177,RTO01,CHCSS00130,SISSTNS205,5304,,20,,,,Y,1
S0177,RTO01,CHCSS00130,SFILEAD505B,5304,,20,,,,Y,1
S0177,RTO01,CHCSS00130,ICTTC233A,5304,,20,,,,Y,1
S0178,RTO01,CHCSS00130,SISSTNS205,5051,,51,,,,Y,1
S0178,RTO01,CHCSS00130,FDFCELHECA,5051,,20,,,1.80,Y,1
S0178,RTO01,CHCSS00130,SFILEAD505B,5051,,20,,,1.80,Y,1
S0178,RTO01,CHCSS00130,PMAOPS303B,5051,,20,,,1.80,Y,1
S0179,RTO01,CHCSS00130,SFILEAD505B,5152,,30,,,1.80,Y,1
S0179,RTO01,CHCSS00130,PMAOPS303B,5152,,20,,,,Y,1
S0179,RTO01,CHCSS00130,SISSTNS205,5152,,51,,,1.80,Y,1
S0179,RTO01,CHCSS00130,ICTTC233A,5152,,20,,,1.80,Y,1
S0180,RTO01,CHCSS00130,PMAOPS303B,5371,,51,,,1.80,Y,1
S0180,RTO01,CHCSS00130,FDFOHS1001A,5371,,20,,,1.80,Y,1
S0180,RTO01,CHCSS00130,SFILEAD505B,5371,,20,,,3.00,Y,1
S0180,RTO01,CHCSS00130,ICTTC233A,5371,,20,,,,Y,1
S0181,RTO01,CHCSS00130,ICTTC233A,5158,,20,,,,Y,1
S0181,RTO01,CHCSS00130,PMAOPS303B,5158,,51,,,1.80,Y,1
S0181,RTO01,CHCSS00130,FDFCELHECA,5158,,20,,,3.00,Y,1
S0181,RTO01,CHCSS00130,SFILEAD505B,5158,,20,,,,Y,1
S0182,RTO01,CHCSS00130,PMAOPS303B,5344,,20,Y,,1.80,Y,1
S0182,RTO01,CHCSS00130,SISSTNS205,5344,,20,Y,,3.00,Y,1
S0182,RTO01,CHCSS00130,FDFCELHECA,5344,,20,Y,,,Y,1
S0182,RTO01,CHCSS00130,ICTTC233A,5344,,30,Y,,,Y,1
S0183,RTO03,CHCSS00130,SISSTNS205,5273,,20,Y,,1.80,Y,1
S0183,RTO03,CHCSS00130,ICTTC233A,5273,,20,Y,,,Y,1
S0183,RTO03,CHCSS00130,FDFCELHECA,5273,,20,Y,,,Y,1
S0183,RTO03,CHCSS00130,SFILEAD505B,5273,,20,Y,,,Y,1
S0184,RTO03,CHCSS00130,PMAOPS303B,5065,,30,,,,Y,1
S0184,RTO03,CHCSS00130,ICTTC233A,5065,,20,,,3.00,Y,1
S0184,RTO03,CHCSS00130,SFILEAD505B,5065,,20,,,1.80,Y,1
S0184,RTO03,CHCSS00130,SISSTNS205,5065,,20,,,3.00,Y,1
S0185,RTO01,CHCSS00130,SISSTNS205,5491,,20,,,,,1
S0185,RTO01,CHCSS00130,FDFCELHECA,5491,,20,,,3.00,,1
S0185,RTO01,CHCSS00130,ICTTC233A,5491,,20,,,,,1
S0185,RTO01,CHCSS00130,FDFOHS1001A,5491,,20,,,3.00,,1
S0186,RTO01,CHCSS00130,SFILEAD505B,5869,,20,,,,,1
S0186,RTO01,CHCSS00130,PMAOPS303B,5869,,20,,,,,1
S0186,RTO01,CHCSS00130,FDFOHS1001A,5869,,30,,,1.80,,1
S0186,RTO01,CHCSS00130,SISSTNS205,5869,,30,,,3.00,,1
S0187,RTO09,CHCSS00131,VBQM483,5310,,20,,,,,1
S0187,RTO09,CHCSS00131,AMPX417,5310,,20,,,,,1
S0187,RTO09,CHCSS00131,MSMTMINS403,5310,,20,,,,,1
S0187,RTO09,CHCSS00131,FSKLRG01,5310,,20,,,1.80,,1
S0188,RTO02,CHCSS00131,OHDPDH618,5580,,20,,,1.80,,1
S0188,RTO02,CHCSS00131,FNSRETA403B,5580,,20,,,,,1
S0188,RTO02,CHCSS00131,MSMTMINS403,5580,,20,,,1.80,,1
S0188,RTO02,CHCSS00131,AMPX417,5580,,20,,,,,1
S0189,RTO15,CHCSS00131,FNSRETA403B,5903,,20,Y,,,Y,1
S0189,RTO15,CHCSS00131,OHDPDH618,5903,,20,Y,,1.80,Y,1
S0189,RTO15,CHCSS00131,VBQM483,5903,,20,Y,,,Y,1
S0189,RTO15,CHCSS00131,FSKLRG01,5903,,20,Y,,,Y,1
S0190,RTO15,CHCSS00131,FSKLRG01,5640,,20,Y,,3.00,,1
S0190,RTO15,CHCSS00131,AMPX417,5640,,20,Y,,,,1
S0190,RTO15,CHCSS00131,FNSRETA403B,5640,,20,Y,,1.80,,1
S0190,RTO15,CHCSS00131,OHDPDH618,5640,,20,Y,,,,1
S0191,RTO15,CHCSS00131,OHDPDH618,5860,,20,Y,,3.00,Y,1
S0191,RTO15,CHCSS00131,AMPX417,5860,,20,Y,,3.00,Y,1
S0191,RTO15,CHCSS00131,FSKLRG01,5860,,20,Y,,,Y,1
S0191,RTO15,CHCSS00131,VBQM483,5860,,20,Y,,3.00,Y,1
S0192,RTO01,CHCSS00147,ICPSCP374,5291,,51,,,,Y,1
S0192,RTO01,CHCSS00147,FDFEOFP2A,5291,,20,,,,Y,1
S0192,RTO01,CHCSS00147,PRMCMN401A,5291,,20,,,,Y,1
S0192,RTO01,CHCSS00147,AUR37927A,5291,,20,,,,Y,1
S0193,RTO01,CHCSS00147,FDFEOFP2A,5086,,20,Y,,1.80,Y,1
S0193,RTO01,CHCSS00147,MTMP2026B,5086,,20,Y,,,Y,1
S0193,RTO01,CHCSS00147,ICPSCP374,5086,,20,Y,,,Y,1
S0193,RTO01,CHCSS00147,AUR37927A,5086,,51,Y,,,Y,1
S0194,RTO01,CHCSS00147,PRMCMN401A,5016,,51,Y,,,,1
S0194,RTO01,CHCSS00147,AUR37927A,5016,,51,Y,,,,1
S0194,RTO01,CHCSS00147,ICPSCP374,5016,,20,Y,,1.80,,1
S0194,RTO01,CHCSS00147,MTMP2026B,5016,,20,Y,,,,1
S0195,RTO01,CHCSS00147,PRMCMN401A,5400,,20,Y,,3.00,Y,1
S0195,RTO01,CHCSS00147,ICPSCP374,5400,,51,Y,,,Y,1
S0195,RTO01,CHCSS00147,MTMP2026B,5400,,20,Y,,,Y,1
S0195,RTO01,CHCSS00147,FDFEOFP2A,5400,,20,Y,,1.80,Y,1
S0196,RTO01,CHCSS00147,PRMCMN401A,5022,,30,,,1.80,Y,1
S0196,RTO01,CHCSS00147,MTMP2026B,5022,,20,,,,Y,1
S0196,RTO01,CHCSS00147,FDFEOFP2A,5022,,20,,,1.80,Y,1
S0196,RTO01,CHCSS00147,ICPSCP374,5022,,20,,,,Y,1
S0197,RTO01,CHCSS00147,AUR37927A,5202,,20,Y,,,Y,1
S0197,RTO01,CHCSS00147,ICPSCP374,5202,,30,Y,,,Y,1
S0197,RTO01,CHCSS00147,MTMP2026B,5202,,20,Y,,1.80,Y,1
S0197,RTO01,CHCSS00147,FDFEOFP2A,5202,,51,Y,,1.80,Y,1
S0198,RTO01,CHCSS00147,BSBMGT403,5160,,20,,,,,1
S0198,RTO01,CHCSS00147,MTMP2026B,5160,,20,,,3.00,,1
S0198,RTO01,CHCSS00147,FDFEOFP2A,5160,,51,,,1.80,,1
S0198,RTO01,CHCSS00147,AUR37927A,5160,,20,,,1.80,,1
S0199,RTO01,CHCSS00147,BSBMGT403,5630,,51,,,,Y,1
S0199,RTO01,CHCSS00147,ICPSCP374,5630,,30,,,1.80,Y,1
S0199,RTO01,CHCSS00147,AUR37927A,5630,,20,,,3.00,Y,1
S0199,RTO01,CHCSS00147,MTMP2026B,5630,,30,,,1.80,Y,1
S0200,RTO01,CHCSS00147,AUR37927A,5890,,30,Y,,,Y,1
S0200,RTO01,CHCSS00147,BSBMGT403,5890,,20,Y,,3.00,Y,1
S0200,RTO01,CHCSS00147,FDFEOFP2A,5890,,20,Y,,3.00,Y,1
S0200,RTO01,CHCSS00147,ICPSCP374,5890,,20,Y,,3.00,Y,1
S0201,RTO01,CHCSS00147,FDFEOFP2A,5420,,20,,,,Y,1
S0201,RTO01,CHCSS00147,MTMP2026B,5420,,20,,,,Y,1
S0201,RTO01,CHCSS00147,ICPSCP374,5420,,51,,,,Y,1
S0201,RTO01,CHCSS00147,AUR37927A,5420,,20,,,3.00,Y,1
S0202,RTO01,CHCSS00147,FDFEOFP2A,5342,,20,,,,,1
S0202,RTO01,CHCSS00147,BSBMGT403,5342,,20,,,3.00,,1
S0202,RTO01,CHCSS00147,PRMCMN401A,5342,,20,,,1.80,,1
S0202,RTO01,CHCSS00147,ICPSCP374,5342,,30,,,3.00,,1
S0203,RTO01,CHCSS00147,MTMP2026B,5291,,51,,,,Y,1
S0203,RTO01,CHCSS00147,ICPSCP374,5291,,20,,,,Y,1
S0203,RTO01,CHCSS00147,PRMCMN401A,5291,,30,,,1.80,Y,1
S0203,RTO01,CHCSS00147,AUR37927A,5291,,20,,,,Y,1
S0204,RTO11,CPC30320,BSBLEG304,5554,,20,,,1.80,Y,1
S0204,RTO11,CPC30320,HLTPH4A,5554,,20,,,3.00,Y,1
S0204,RTO11,CPC30320,UEENEEK021B,5554,,20,,,,Y,1
S0204,RTO11,CPC30320,SISOKYK409A,5554,,20,,,3.00,Y,1
S0205,RTO11,CPC30320,HLTPH4A,5201,,20,,,1.80,,1
S0205,RTO11,CPC30320,UEENEEK021B,5201,,51,,,1.80,,1
S0205,RTO11,CPC30320,PSPMGT007,5201,,20,,,1.80,,1
S0205,RTO11,CPC30320,BSBLEG304,5201,,20,,,3.00,,1
S0206,RTO15,CPC30320,BSBLEG304,5631,,20,,,1.80,,1
S0206,RTO15,CPC30320,UTTNTD209A,5631,,20,,,,,1
S0206,RTO15,CPC30320,HLTPH4A,5631,,20,,,3.00,,1
S0206,RTO15,CPC30320,UEENEEK021B,5631,,30,,,,,1
S0207,RTO12,CPC30320,UTTNTD209A,5862,,20,,,1.80,Y,1
S0207,RTO12,CPC30320,PSPMGT007,5862,,20,,,1.80,Y,1
S0207,RTO12,CPC30320,SISOKYK409A,5862,,20,,,,Y,1
S0207,RTO12,CPC30320,HLTPH4A,5862,,20,,,,Y,1
S0208,RTO11,CPC30320,PSPMGT007,5113,,20,,,3.00,Y,1
S0208,RTO11,CPC30320,BSBLEG304,5113,,20,,,,Y,1
S0208,RTO11,CPC30320,SISOKYK409A,5113,,20,,,,Y,1
S0208,RTO11,CPC30320,HLTPH4A,5113,,20,,,,Y,1
S0209,RTO11,CPC30320,BSBLEG304,5351,,20,,,,Y,1
S0209,RTO11,CPC30320,UEENEEK021B,5351,,51,,,,Y,1
S0209,RTO11,CPC30320,UTTNTD209A,5351,,20,,,3.00,Y,1
S0209,RTO11,CPC30320,SISOKYK409A,5351,,20,,,1.80,Y,1
S0210,RTO11,CPC30320,UTTNTD209A,5344,,20,Y,,1.80,,1
S0210,RTO11,CPC30320,SISOKYK409A,5344,,20,Y,,3.00,,1
S0210,RTO11,CPC30320,BSBLEG304,5344,,20,Y,,,,1
S0210,RTO11,CPC30320,UEENEEK021B,5344,,20,Y,,1.80,,1
S0211,RTO11,CPC30320,HLTPH4A,5168,,20,Y,,,Y,1
S0211,RTO11,CPC30320,UEENEEK021B,5168,,20,Y,,,Y,1
S0211,RTO11,CPC30320,SISOKYK409A,5168,,20,Y,,,Y,1
S0211,RTO11,CPC30320,UTTNTD209A,5168,,20,Y,,,Y,1
S0212,RTO12,CPC30320,UTTNTD209A,5165,,20,,,,Y,1
S0212,RTO12,CPC30320,UEENEEK021B,5165,,20,,,,Y,1
S0212,RTO12,CPC30320,SISOKYK409A,5165,,20,,,,Y,1
S0212,RTO12,CPC30320,BSBLEG304,5165,,30,,,3.00,Y,1
S0213,RTO05,CPC40920,CUVPUA501A,5560,,20,,,1.80,,1
S0213,RTO05,CPC40920,RIIRTM202D,5560,,20,,,1.80,,1
S0213,RTO05,CPC40920,ICPCF62BA,5560,,51,,,,,1
S0213,RTO05,CPC40920,ICTTEN802,5560,,20,,,1.80,,1
S0214,RTO02,CPC40920,TLIB2107B,5603,,20,,,3.00,Y,1
S0214,RTO02,CPC40920,ICTTEN802,5603,,20,,,,Y,1
S0214,RTO02,CPC40920,ICTTC150B,5603,,20,,,1.80,Y,1
S0214,RTO02,CPC40920,RIIRTM202D,5603,,20,,,,Y,1
S0215,RTO11,CPC40920,TLIB2107B,5232,,51,,,1.80,,1
S0215,RTO11,CPC40920,ICPCF62BA,5232,,20,,,,,1
S0215,RTO11,CPC40920,ICTTC150B,5232,,20,,,,,1
S0215,RTO11,CPC40920,ICTTEN802,5232,,20,,,,,1
S0216,RTO02,CPC40920,CUVPUA501A,5050,,20,,,1.80,,1
S0216,RTO02,CPC40920,ICPCF62BA,5050,,20,,,,,1
S0216,RTO02,CPC40920,ICTTEN802,5050,,30,,,3.00,,1
S0216,RTO02,CPC40920,RIIRTM202D,5050,,20,,,1.80,,1
S0217,RTO05,CPC40920,ICTTEN802,5173,,20,,,,Y,1
S0217,RTO05,CPC40920,ICTTC150B,5173,,30,,,,Y,1
S0217,RTO05,CPC40920,CUVPUA501A,5173,,30,,,,Y,1
S0217,RTO05,CPC40920,ICPCF62BA,5173,,20,,,3.00,Y,1
S0218,RTO05,CPC40920,RIIRTM202D,5641,,20,Y,,3.00,,1
S0218,RTO05,CPC40920,TLIB2107B,5641,,20,Y,,1.80,,1
S0218,RTO05,CPC40920,ICTTC150B,5641,,20,Y,,,,1
S0218,RTO05,CPC40920,CUVPUA501A,5641,,30,Y,,3.00,,1
S0219,RTO05,CPC40920,ICTTEN802,5473,,20,,,,,1
S0219,RTO05,CPC40920,ICPCF62BA,5473,,20,,,,,1
S0219,RTO05,CPC40920,ICTTC150B,5473,,20,,,,,1
S0219,RTO05,CPC40920,TLIB2107B,5473,,20,,,,,1
S0220,RTO05,CPC40920,RIIRTM202D,5570,,20,,,3.00,,1
S0220,RTO05,CPC40920,ICTTC150B,5570,,30,,,3.00,,1
S0220,RTO05,CPC40920,TLIB2107B,5570,,20,,,,,1
S0220,RTO05,CPC40920,CUVPUA501A,5570,,20,,,1.80,,1
S0221,RTO06,CUA31020,FNARFS27A,5353,,20,,,3.00,Y,1
S0221,RTO06,CUA31020,PRMWM19B,5353,,20,,,,Y,1
S0221,RTO06,CUA31020,RIIRAI611A,5353,,20,,,,Y,1
S0221,RTO06,CUA31020,THHADFB08A,5353,,20,,,3.00,Y,1
S0222,RTO06,CUA31020,PRMWM19B,5118,,20,,,3.00,,1
S0222,RTO06,CUA31020,RIIRAI611A,5118,,20,,,,,1
S0222,RTO06,CUA31020,FNARFS27A,5118,,20,,,3.00,,1
S0222,RTO06,CUA31020,TDTC1801A,5118,,20,,,1.80,,1
S0223,RTO06,CUA31020,RUAAG4204BMA,5062,,20,Y,,3.00,,1
S0223,RTO06,CUA31020,TDTC1801A,5062,,30,Y,,1.80,,1
S0223,RTO06,CUA31020,FNARFS27A,5062,,51,Y,,,,1
S0223,RTO06,CUA31020,RIIRAI611A,5062,,20,Y,,,,1
S0224,RTO07,CUA31020,PRMWM19B,5490,,20,,,1.80,Y,1
S0224,RTO07,CUA31020,FNARFS27A,5490,,20,,,,Y,1
S0224,RTO07,CUA31020,RUAAG4204BMA,5490,,20,,,,Y,1
S0224,RTO07,CUA31020,THHADFB08A,5490,,20,,,,Y,1
S0225,RTO06,CUA31020,THHADFB08A,5245,,20,,,,Y,1
S0225,RTO06,CUA31020,RIIRAI611A,5245,,20,,,,Y,1
S0225,RTO06,CUA31020,PRMWM19B,5245,,20,,,,Y,1
S0225,RTO06,CUA31020,FNARFS27A,5245,,20,,,,Y,1
S0226,RTO06,CUA31020,FNARFS27A,5303,,20,,,3.00,,1
S0226,RTO06,CUA31020,RUAAG4204BMA,5303,,20,,,1.80,,1
S0226,RTO06,CUA31020,PRMWM19B,5303,,20,,,1.80,,1
S0226,RTO06,CUA31020,RIIRAI611A,5303,,51,,,1.80,,1
S0227,RTO02,CUA40120,MTMP2022C,5046,,20,,,1.80,,1
S0227,RTO02,CUA40120,UTENES107WA,5046,,20,,,3.00,,1
S0227,RTO02,CUA40120,CSCORG406A,5046,,20,,,,,1
S0227,RTO02,CUA40120,HLTCR401B,5046,,51,,,3.00,,1
S0228,RTO08,CUA40120,UTENES107WA,5044,,20,,,1.80,Y,1
S0228,RTO08,CUA40120,BCG3109A,5044,,20,,,1.80,Y,1
S0228,RTO08,CUA40120,CSCORG406A,5044,,30,,,1.80,Y,1
S0228,RTO08,CUA40120,MTMP2022C,5044,,20,,,1.80,Y,1
S0229,RTO08,CUA40120,HLTCR401B,5280,,20,Y,,,,1
S0229,RTO08,CUA40120,UTENES107WA,5280,,20,Y,,1.80,,1
S0229,RTO08,CUA40120,CSCORG406A,5280,,20,Y,,,,1
S0229,RTO08,CUA40120,MTMP2022C,5280,,20,Y,,,,1
S0230,RTO02,CUA40120,CPCCCM1011A,5017,,30,,,,,1
S0230,RTO02,CUA40120,MTMP2022C,5017,,20,,,3.00,,1
S0230,RTO02,CUA40120,UTENES107WA,5017,,20,,,3.00,,1
S0230,RTO02,CUA40120,CSCORG406A,5017,,30,,,3.00,,1
S0231,RTO08,CUA40120,CSCORG406A,5065,,30,,,,,1
S0231,RTO08,CUA40120,BCG3109A,5065,,51,,,,,1
S0231,RTO08,CUA40120,CPCCCM1011A,5065,,51,,,3.00,,1
S0231,RTO08,CUA40120,HLTCR401B,5065,,20,,,3.00,,1
S0232,RTO08,CUA40120,BCG3109A,5005,,20,,,3.00,Y,1
S0232,RTO08,CUA40120,UTENES107WA,5005,,20,,,1.80,Y,1
S0232,RTO08,CUA40120,MTMP2022C,5005,,20,,,3.00,Y,1
S0232,RTO08,CUA40120,CPCCCM1011A,5005,,20,,,,Y,1
S0233,RTO02,CUA40120,HLTCR401B,5340,,20,,,3.00,,1
S0233,RTO02,CUA40120,CSCORG406A,5340,,20,,,1.80,,1
S0233,RTO02,CUA40120,MTMP2022C,5340,,20,,,,,1
S0233,RTO02,CUA40120,UTENES107WA,5340,,51,,,3.00,,1
S0234,RTO08,CUA40120,HLTCR401B,5414,,20,Y,,3.00,Y,1
S0234,RTO08,CUA40120,CSCORG406A,5414,,20,Y,,3.00,Y,1
S0234,RTO08,CUA40120,MTMP2022C,5414,,30,Y,,3.00,Y,1
S0234,RTO08,CUA40120,UTENES107WA,5414,,20,Y,,1.80,Y,1
S0235,RTO02,CUA40120,CSCORG406A,5011,,20,,,1.80,,1
S0235,RTO02,CUA40120,BCG3109A,5011,,20,,,1.80,,1
S0235,RTO02,CUA40120,HLTCR401B,5011,,20,,,,,1
S0235,RTO02,CUA40120,UTENES107WA,5011,,20,,,,,1
S0236,RTO02,CUA40120,MTMP2022C,5889,,20,,,,,1
S0236,RTO02,CUA40120,BCG3109A,5889,,20,,,1.80,,1
S0236,RTO02,CUA40120,CSCORG406A,5889,,51,,,3.00,,1
S0236,RTO02,CUA40120,UTENES107WA,5889,,20,,,1.80,,1
S0237,RTO12,CUA50420,PSPLAND303A,5116,,20,Y,,,,1
S0237,RTO12,CUA50420,FNSACC601A,5116,,20,Y,,3.00,,1
S0237,RTO12,CUA50420,TDTL497A,5116,,20,Y,,3.00,,1
S0237,RTO12,CUA50420,MSTLA2010,5116,,20,Y,,3.00,,1
S0238,RTO11,CUA50420,TDTL497A,5860,,20,Y,,3.00,Y,1
S0238,RTO11,CUA50420,THCGTM06B,5860,,20,Y,,,Y,1
S0238,RTO11,CUA50420,MSTLA2010,5860,,20,Y,,3.00,Y,1
S0238,RTO11,CUA50420,MSL943002A,5860,,30,Y,,,Y,1
S0239,RTO12,CUA50420,MSL943002A,5107,,51,Y,,,Y,1
S0239,RTO12,CUA50420,PSPLAND303A,5107,,20,Y,,,Y,1
S0239,RTO12,CUA50420,MSTLA2010,5107,,20,Y,,,Y,1
S0239,RTO12,CUA50420,FNSACC601A,5107,,20,Y,,,Y,1
S0240,RTO12,CUA50420,PSPLAND303A,5264,,20,,,3.00,Y,1
S0240,RTO12,CUA50420,MSTLA2010,5264,,20,,,3.00,Y,1
S0240,RTO12,CUA50420,THCGTM06B,5264,,20,,,,Y,1
S0240,RTO12,CUA50420,TDTL497A,5264,,51,,,,Y,1
S0241,RTO03,CUA50420,TDTL497A,5633,,51,,,,Y,1
S0241,RTO03,CUA50420,MSTLA2010,5633,,20,,,,Y,1
S0241,RTO03,CUA50420,FNSACC601A,5633,,20,,,3.00,Y,1
S0241,RTO03,CUA50420,MSL943002A,5633,,20,,,1.80,Y,1
S0242,RTO11,CUA50420,TDTL497A,5270,,20,Y,,3.00,,1
S0242,RTO11,CUA50420,THCGTM06B,5270,,20,Y,,,,1
S0242,RTO11,CUA50420,MSTLA2010,5270,,51,Y,,3.00,,1
S0242,RTO11,CUA50420,PSPLAND303A,5270,,20,Y,,,,1
S0243,RTO01,CUA51020,PMC552005,5867,,20,Y,,1.80,Y,1
S0243,RTO01,CUA51020,SFLDEC001,5867,,20,Y,,,Y,1
S0243,RTO01,CUA51020,MTMP2022C,5867,,20,Y,,3.00,Y,1
S0243,RTO01,CUA51020,HLTMI302B,5867,,20,Y,,1.80,Y,1
S0244,RTO01,CUA51020,PMC552005,5086,,20,Y,,3.00,Y,1
S0244,RTO01,CUA51020,RGRPSG405A,5086,,20,Y,,3.00,Y,1
S0244,RTO01,CUA51020,HLTMI302B,5086,,20,Y,,1.80,Y,1
S0244,RTO01,CUA51020,SFLDEC001,5086,,20,Y,,3.00,Y,1
S0245,RTO04,CUA51020,SFLDEC001,5308,,20,,,3.00,,1
S0245,RTO04,CUA51020,HLTMI302B,5308,,51,,,3.00,,1
S0245,RTO04,CUA51020,RGRPSG405A,5308,,20,,,,,1
S0245,RTO04,CUA51020,PMC552005,5308,,20,,,1.80,,1
S0246,RTO06,CUA51020,HLTMI302B,5061,,30,,,,,1
S0246,RTO06,CUA51020,PMC552005,5061,,20,,,,,1
S0246,RTO06,CUA51020,RGRPSG405A,5061,,20,,,3.00,,1
S0246,RTO06,CUA51020,MTMP2022C,5061,,20,,,,,1
S0247,RTO01,CUA51020,HLTMI302B,5381,,20,,,3.00,Y,1
S0247,RTO01,CUA51020,CPPSIS5040,5381,,20,,,,Y,1
S0247,RTO01,CUA51020,MTMP2022C,5381,,20,,,1.80,Y,1
S0247,RTO01,CUA51020,RGRPSG405A,5381,,20,,,1.80,Y,1
S0248,RTO04,CUA51020,RGRPSG405A,5269,,51,Y,,3.00,Y,1
S0248,RTO04,CUA51020,HLTMI302B,5269,,20,Y,,3.00,Y,1
S0248,RTO04,CUA51020,PMC552005,5269,,20,Y,,,Y,1
S0248,RTO04,CUA51020,CPPSIS5040,5269,,51,Y,,1.80,Y,1
S0249,RTO06,CUA51020,RGRPSG405A,5651,,20,,,,,1
S0249,RTO06,CUA51020,HLTMI302B,5651,,20,,,3.00,,1
S0249,RTO06,CUA51020,MTMP2022C,5651,,51,,,3.00,,1
S0249,RTO06,CUA51020,PMC552005,5651,,20,,,1.80,,1
S0250,RTO04,CUA51020,PMC552005,5540,,20,,,1.80,Y,1
S0250,RTO04,CUA51020,CPPSIS5040,5540,,51,,,,Y,1
S0250,RTO04,CUA51020,HLTMI302B,5540,,20,,,,Y,1
S0250,RTO04,CUA51020,RGRPSG405A,5540,,20,,,1.80,Y,1
S0251,RTO04,CUA51020,RGRPSG405A,5866,,20,,,,,1
S0251,RTO04,CUA51020,SFLDEC001,5866,,20,,,3.00,,1
S0251,RTO04,CUA51020,MTMP2022C,5866,,20,,,1.80,,1
S0251,RTO04,CUA51020,PMC552005,5866,,20,,,,,1
S0252,RTO14,CUA51120,CPCCCA3001,5355,,20,Y,,3.00,,1
S0252,RTO14,CUA51120,SFIPROC607B,5355,,20,Y,,1.80,,1
S0252,RTO14,CUA51120,ACMEQD405,5355,,20,Y,,,,1
S0252,RTO14,CUA51120,ICAD4190B,5355,,20,Y,,3.00,,1
S0253,RTO14,CUA51120,ICAD4190B,5202,,20,Y,,,,1
S0253,RTO14,CUA51120,AUM8095A,5202,,20,Y,,,,1
S0253,RTO14,CUA51120,FPICOT3215B,5202,,20,Y,,1.80,,1
S0253,RTO14,CUA51120,SFIPROC607B,5202,,20,Y,,,,1
S0254,RTO14,CUA51120,ACMEQD405,5470,,20,,,3.00,Y,1
S0254,RTO14,CUA51120,CPCCCA3001,5470,,20,,,,Y,1
S0254,RTO14,CUA51120,ICAD4190B,5470,,20,,,3.00,Y,1
S0254,RTO14,CUA51120,SFIPROC607B,5470,,30,,,,Y,1
S0255,RTO14,CUA51120,ACMEQD405,5001,,20,Y,,,Y,1
S0255,RTO14,CUA51120,AUM8095A,5001,,20,Y,,,Y,1
S0255,RTO14,CUA51120,ICAD4190B,5001,,20,Y,,1.80,Y,1
S0255,RTO14,CUA51120,CPCCCA3001,5001,,51,Y,,,Y,1
S0256,RTO14,CUA51120,ACMEQD405,5600,,20,,,,Y,1
S0256,RTO14,CUA51120,CPCCCA3001,5600,,20,,,,Y,1
S0256,RTO14,CUA51120,FPICOT3215B,5600,,20,,,1.80,Y,1
S0256,RTO14,CUA51120,SFIPROC607B,5600,,20,,,,Y,1
S0257,RTO14,CUA51120,SFIPROC607B,5373,,20,,,1.80,Y,1
S0257,RTO14,CUA51120,ICAD4190B,5373,,20,,,,Y,1
S0257,RTO14,CUA51120,AUM8095A,5373,,51,,,,Y,1
S0257,RTO14,CUA51120,FPICOT3215B,5373,,30,,,,Y,1
S0258,RTO12,CUA60620,LMFBA3002A,5462,,20,,,,Y,1
S0258,RTO12,CUA60620,MEM9.3AA,5462,,20,,,,Y,1
S0258,RTO12,CUA60620,TDTA1797A,5462,,30,,,,Y,1
S0258,RTO12,CUA60620,ICAS5199B,5462,,20,,,,Y,1
S0259,RTO12,CUA60620,TDTA1797A,5090,,51,Y,,,Y,1
S0259,RTO12,CUA60620,LMFBA3002A,5090,,20,Y,,,Y,1
S0259,RTO12,CUA60620,MEM04002B,5090,,20,Y,,3.00,Y,1
S0259,RTO12,CUA60620,MEM9.3AA,5090,,20,Y,,,Y,1
S0260,RTO12,CUA60620,LMFBA3002A,5603,,20,Y,,3.00,Y,1
S0260,RTO12,CUA60620,AURVTT2009,5603,,20,Y,,,Y,1
S0260,RTO12,CUA60620,TDTA1797A,5603,,20,Y,,3.00,Y,1
S0260,RTO12,CUA60620,MEM9.3AA,5603,,20,Y,,,Y,1
S0261,RTO02,CUA60620,MEM04002B,5330,,30,Y,,1.80,Y,1
S0261,RTO02,CUA60620,MEM9.3AA,5330,,51,Y,,1.80,Y,1
S0261,RTO02,CUA60620,LMFBA3002A,5330,,20,Y,,,Y,1
S0261,RTO02,CUA60620,AURVTT2009,5330,,20,Y,,,Y,1
S0262,RTO12,CUA60620,AURVTT2009,5550,,20,,,,,1
S0262,RTO12,CUA60620,ICAS5199B,5550,,51,,,,,1
S0262,RTO12,CUA60620,MEM9.3AA,5550,,20,,,,,1
S0262,RTO12,CUA60620,TDTA1797A,5550,,20,,,,,1
S0263,RTO02,CUA60620,MEM04002B,5839,,20,Y,,,Y,1
S0263,RTO02,CUA60620,AURVTT2009,5839,,51,Y,,,Y,1
S0263,RTO02,CUA60620,ICAS5199B,5839,,51,Y,,1.80,Y,1
S0263,RTO02,CUA60620,LMFBA3002A,5839,,20,Y,,3.00,Y,1
S0264,RTO02,CUA60620,MEM04002B,5611,,20,,,,Y,1
S0264,RTO02,CUA60620,MEM9.3AA,5611,,20,,,,Y,1
S0264,RTO02,CUA60620,ICAS5199B,5611,,30,,,1.80,Y,1
S0264,RTO02,CUA60620,TDTA1797A,5611,,30,,,,Y,1
S0265,RTO12,CUA60620,AURVTT2009,5862,,20,Y,,1.80,,1
S0265,RTO12,CUA60620,ICAS5199B,5862,,20,Y,,3.00,,1
S0265,RTO12,CUA60620,TDTA1797A,5862,,30,Y,,3.00,,1
S0265,RTO12,CUA60620,MEM04002B,5862,,20,Y,,,,1
S0266,RTO02,CUA60620,MEM04002B,5633,,20,Y,,,Y,1
S0266,RTO02,CUA60620,ICAS5199B,5633,,30,Y,,,Y,1
S0266,RTO02,CUA60620,MEM9.3AA,5633,,51,Y,,3.00,Y,1
S0266,RTO02,CUA60620,AURVTT2009,5633,,20,Y,,,Y,1
S0267,RTO12,CUA60620,AURVTT2009,5235,,20,,,,Y,1
S0267,RTO12,CUA60620,ICAS5199B,5235,,20,,,1.80,Y,1
S0267,RTO12,CUA60620,MEM9.3AA,5235,,20,,,3.00,Y,1
S0267,RTO12,CUA60620,TDTA1797A,5235,,20,,,,Y,1
S0268,RTO07,FBPSS00002,MNQ.TL/08.A,5251,,30,,,1.80,,1
S0268,RTO07,FBPSS00002,HLTIN403C,5251,,20,,,,,1
S0268,RTO07,FBPSS00002,MSFFM3024,5251,,20,,,3.00,,1
S0268,RTO07,FBPSS00002,MSS402051,5251,,20,,,,,1
S0269,RTO07,FBPSS00002,ICAICT103A,5311,,20,,,,Y,1
S0269,RTO07,FBPSS00002,CHCCS201A,5311,,51,,,,Y,1
S0269,RTO07,FBPSS00002,MSS402051,5311,,20,,,,Y,1
S0269,RTO07,FBPSS00002,MSFFM3024,5311,,20,,,,Y,1
S0270,RTO08,FBPSS00002,ICAICT103A,5550,,20,,,3.00,,1
S0270,RTO08,FBPSS00002,MNQ.TL/08.A,5550,,20,,,,,1
S0270,RTO08,FBPSS00002,CHCCS201A,5550,,51,,,3.00,,1
S0270,RTO08,FBPSS00002,MSS402051,5550,,30,,,,,1
S0271,RTO09,FWP30122,PMASUP236,5715,,20,Y,,,Y,1
S0271,RTO09,FWP30122,LMFKB2001A,5715,,20,Y,,1.80,Y,1
S0271,RTO09,FWP30122,CPPDSM4009B,5715,,51,Y,,1.80,Y,1
S0271,RTO09,FWP30122,TLIF4065,5715,,20,Y,,3.00,Y,1
S0272,RTO06,FWP30122,HLTAHW522B,5670,,20,,,3.00,,1
S0272,RTO06,FWP30122,CPPDSM4009B,5670,,20,,,3.00,,1
S0272,RTO06,FWP30122,PSPGOV206A,5670,,20,,,1.80,,1
S0272,RTO06,FWP30122,PMASUP236,5670,,20,,,3.00,,1
S0273,RTO14,FWP30122,HLTAHW522B,5312,,20,,,,Y,1
S0273,RTO14,FWP30122,LMFKB2001A,5312,,20,,,,Y,1
S0273,RTO14,FWP30122,PMASUP236,5312,,20,,,,Y,1
S0273,RTO14,FWP30122,TLIF4065,5312,,20,,,,Y,1
S0274,RTO03,HLT37315,UETTDRDS15B,5311,,51,,,,Y,1
S0274,RTO03,HLT37315,TLID3047,5311,,20,,,1.80,Y,1
S0274,RTO03,HLT37315,MELD,5311,,20,,,3.00,Y,1
S0274,RTO03,HLT37315,MNQ.QM/20.A,5311,,20,,,3.00,Y,1
S0275,RTO03,HLT37315,BSBADM501A,5352,,20,,,,Y,1
S0275,RTO03,HLT37315,MNQ.QM/20.A,5352,,51,,,,Y,1
S0275,RTO03,HLT37315,CPCCSH3005A,5352,,20,,,,Y,1
S0275,RTO03,HLT37315,UETTDRDS15B,5352,,20,,,3.00,Y,1
S0276,RTO03,HLT37315,TLID3047,5867,,20,Y,,,Y,1
S0276,RTO03,HLT37315,MNQ.QM/20.A,5867,,30,Y,,,Y,1
S0276,RTO03,HLT37315,CPCCSH3005A,5867,,20,Y,,,Y,1
S0276,RTO03,HLT37315,BSBADM501A,5867,,20,Y,,,Y,1
S0277,RTO10,HLT43021,AVIH0005,5414,,20,,,,,1
S0277,RTO10,HLT43021,MTMR303C,5414,,20,,,,,1
S0277,RTO10,HLT43021,CPPSIS5052A,5414,,20,,,,,1
S0277,RTO10,HLT43021,AUMFBK001,5414,,30,,,,,1
S0278,RTO13,HLT43021,AUMFBK001,5125,,20,,,3.00,Y,1
S0278,RTO13,HLT43021,MTMR303C,5125,,20,,,1.80,Y,1
S0278,RTO13,HLT43021,AHCSPO305,5125,,20,,,3.00,Y,1
S0278,RTO13,HLT43021,AVIH0005,5125,,20,,,3.00,Y,1
S0279,RTO15,HLT43021,AVIH0005,5251,,20,Y,,,,1
S0279,RTO15,HLT43021,AUMFBK001,5251,,20,Y,,1.80,,1
S0279,RTO15,HLT43021,BSBCMN302A,5251,,20,Y,,,,1
S0279,RTO15,HLT43021,CPPSIS5052A,5251,,20,Y,,1.80,,1
S0280,RTO10,HLT43021,MTMR303C,5606,,20,,,3.00,,1
S0280,RTO10,HLT43021,AHCSPO305,5606,,20,,,1.80,,1
S0280,RTO10,HLT43021,AUMFBK001,5606,,20,,,3.00,,1
S0280,RTO10,HLT43021,CPPSIS5052A,5606,,51,,,3.00,,1
S0281,RTO10,HLT43021,BSBCMN302A,5048,,20,,,,Y,1
S0281,RTO10,HLT43021,MTMR303C,5048,,30,,,1.80,Y,1
S0281,RTO10,HLT43021,AVIH0005,5048,,20,,,,Y,1
S0281,RTO10,HLT43021,CPPSIS5052A,5048,,20,,,,Y,1
S0282,RTO01,HLT47321,AURSCA3010,5416,,20,,,,,1
S0282,RTO01,HLT47321,MEA202A,5416,,20,,,3.00,,1
S0282,RTO01,HLT47321,NWP258A,5416,,20,,,3.00,,1
S0282,RTO01,HLT47321,AUR02166A,5416,,51,,,3.00,,1
S0283,RTO13,HLT47321,NWP258A,5341,,20,,,,,1
S0283,RTO13,HLT47321,AUR02166A,5341,,20,,,,,1
S0283,RTO13,HLT47321,MEA202A,5341,,51,,,,,1
S0283,RTO13,HLT47321,TDTV398B,5341,,30,,,3.00,,1
S0284,RTO01,HLT47321,TDTV398B,5630,,20,,,1.80,,1
S0284,RTO01,HLT47321,AUR02166A,5630,,30,,,3.00,,1
S0284,RTO01,HLT47321,NWP258A,5630,,20,,,3.00,,1
S0284,RTO01,HLT47321,MEM18.27AB,5630,,51,,,,,1
S0285,RTO13,HLT47321,MEM18.27AB,5960,,20,,,1.80,,1
S0285,RTO13,HLT47321,MEA202A,5960,,20,,,,,1
S0285,RTO13,HLT47321,TDTV398B,5960,,30,,,3.00,,1
S0285,RTO13,HLT47321,NWP258A,5960,,20,,,1.80,,1
S0286,RTO01,HLT47321,AUR02166A,5007,,20,,,,,1
S0286,RTO01,HLT47321,MEA202A,5007,,20,,,1.80,,1
S0286,RTO01,HLT47321,TDTV398B,5007,,30,,,,,1
S0286,RTO01,HLT47321,AURSCA3010,5007,,30,,,,,1
S0287,RTO13,HLT47321,MEA202A,5901,,20,,,3.00,Y,1
S0287,RTO13,HLT47321,NWP258A,5901,,20,,,3.00,Y,1
S0287,RTO13,HLT47321,MEM18.27AB,5901,,20,,,,Y,1
S0287,RTO13,HLT47321,AURSCA3010,5901,,30,,,1.80,Y,1
S0288,RTO08,HLTSS00066,AURNTB001,5654,,20,Y,,,,1
S0288,RTO08,HLTSS00066,WRBCS411A,5654,,20,Y,,3.00,,1
S0288,RTO08,HLTSS00066,PSPGOV206B,5654,,20,Y,,1.80,,1
S0288,RTO08,HLTSS00066,TAFEDH007,5654,,20,Y,,,,1
S0289,RTO04,HLTSS00066,NWP517B,5310,,20,Y,,1.80,,1
S0289,RTO04,HLTSS00066,WRBCS411A,5310,,20,Y,,,,1
S0289,RTO04,HLTSS00066,AURNTB001,5310,,20,Y,,3.00,,1
S0289,RTO04,HLTSS00066,PSPGOV206B,5310,,20,Y,,,,1
S0290,RTO04,HLTSS00066,AURNTB001,5061,,20,,,1.80,Y,1
S0290,RTO04,HLTSS00066,PSPGOV206B,5061,,20,,,,Y,1
S0290,RTO04,HLTSS00066,NWP517B,5061,,20,,,3.00,Y,1
S0290,RTO04,HLTSS00066,WRBCS411A,5061,,20,,,1.80,Y,1
S0291,RTO06,HLTSS00066,TAFEDH007,5272,,20,Y,,3.00,Y,1
S0291,RTO06,HLTSS00066,PSPGOV206B,5272,,20,Y,,3.00,Y,1
S0291,RTO06,HLTSS00066,AURNTB001,5272,,20,Y,,,Y,1
S0291,RTO06,HLTSS00066,NWP517B,5272,,20,Y,,1.80,Y,1
S0292,RTO04,HLTSS00066,TAFEDH007,5322,,20,,,,Y,1
S0292,RTO04,HLTSS00066,PSPGOV206B,5322,,20,,,1.80,Y,1
S0292,RTO04,HLTSS00066,ICAU1128A,5322,,20,,,,Y,1
S0292,RTO04,HLTSS00066,NWP517B,5322,,20,,,3.00,Y,1
S0293,RTO08,HLTSS00066,AURNTB001,5165,,30,Y,,,Y,1
S0293,RTO08,HLTSS00066,ICAU1128A,5165,,20,Y,,3.00,Y,1
S0293,RTO08,HLTSS00066,NWP517B,5165,,20,Y,,,Y,1
S0293,RTO08,HLTSS00066,TAFEDH007,5165,,20,Y,,3.00,Y,1
S0294,RTO01,HLTSS00066,AURNTB001,5241,,20,Y,,3.00,Y,1
S0294,RTO01,HLTSS00066,TAFEDH007,5241,,20,Y,,,Y,1
S0294,RTO01,HLTSS00066,NWP517B,5241,,20,Y,,,Y,1
S0294,RTO01,HLTSS00066,ICAU1128A,5241,,20,Y,,3.00,Y,1
S0295,RTO08,HLTSS00066,AURNTB001,5473,,20,,,,,1
S0295,RTO08,HLTSS00066,TAFEDH007,5473,,20,,,,,1
S0295,RTO08,HLTSS00066,WRBCS411A,5473,,20,,,3.00,,1
S0295,RTO08,HLTSS00066,NWP517B,5473,,20,,,3.00,,1
S0296,RTO06,HLTSS00066,PSPGOV206B,5522,,20,Y,,3.00,Y,1
S0296,RTO06,HLTSS00066,TAFEDH007,5522,,30,Y,,,Y,1
S0296,RTO06,HLTSS00066,NWP517B,5522,,20,Y,,1.80,Y,1
S0296,RTO06,HLTSS00066,AURNTB001,5522,,51,Y,,,Y,1
S0297,RTO06,HLTSS00066,AURNTB001,5920,,20,,,3.00,Y,1
S0297,RTO06,HLTSS00066,WRBCS411A,5920,,20,,,1.80,Y,1
S0297,RTO06,HLTSS00066,ICAU1128A,5920,,20,,,,Y,1
S0297,RTO06,HLTSS00066,NWP517B,5920,,20,,,1.80,Y,1
S0298,RTO01,HLTSS00066,WRBCS411A,5522,,20,,,3.00,Y,1
S0298,RTO01,HLTSS00066,PSPGOV206B,5522,,20,,,3.00,Y,1
S0298,RTO01,HLTSS00066,ICAU1128A,5522,,20,,,3.00,Y,1
S0298,RTO01,HLTSS00066,TAFEDH007,5522,,20,,,,Y,1
S0299,RTO12,ICTSS00109,SISSRGU201A,5897,,30,,,,Y,1
S0299,RTO12,ICTSS00109,SITTVAF302,5897,,20,,,3.00,Y,1
S0299,RTO12,ICTSS00109,FBPAUD4004,5897,,20,,,,Y,1
S0299,RTO12,ICTSS00109,RGRROP310,5897,,51,,,3.00,Y,1
S0300,RTO10,ICTSS00109,SRXEMR003A,5231,,20,,,3.00,Y,1
S0300,RTO10,ICTSS00109,FBPAUD4004,5231,,20,,,3.00,Y,1
S0300,RTO10,ICTSS00109,SITTVAF302,5231,,20,,,,Y,1
S0300,RTO10,ICTSS00109,CHCRH4A,5231,,30,,,,Y,1
S0301,RTO12,ICTSS00109,FBPAUD4004,5413,,20,Y,,,Y,1
S0301,RTO12,ICTSS00109,CHCRH4A,5413,,20,Y,,3.00,Y,1
S0301,RTO12,ICTSS00109,SRXEMR003A,5413,,20,Y,,,Y,1
S0301,RTO12,ICTSS00109,SISSRGU201A,5413,,20,Y,,3.00,Y,1
S0302,RTO13,ICTSS00109,SRXEMR003A,5897,,20,,,1.80,,1
S0302,RTO13,ICTSS00109,SISSRGU201A,5897,,20,,,,,1
S0302,RTO13,ICTSS00109,RGRROP310,5897,,51,,,,,1
S0302,RTO13,ICTSS00109,SITTVAF302,5897,,20,,,1.80,,1
S0303,RTO13,ICTSS00109,SITTVAF302,5888,,20,,,1.80,Y,1
S0303,RTO13,ICTSS00109,CHCRH4A,5888,,20,,,3.00,Y,1
S0303,RTO13,ICTSS00109,SISSRGU201A,5888,,20,,,3.00,Y,1
S0303,RTO13,ICTSS00109,SRXEMR003A,5888,,20,,,,Y,1
S0304,RTO13,ICTSS00109,CHCRH4A,5115,,20,,,3.00,,1
S0304,RTO13,ICTSS00109,FBPAUD4004,5115,,20,,,,,1
S0304,RTO13,ICTSS00109,SITTVAF302,5115,,20,,,3.00,,1
S0304,RTO13,ICTSS00109,SRXEMR003A,5115,,20,,,1.80,,1
S0305,RTO12,ICTSS00109,RGRROP310,5083,,20,,,3.00,Y,1
S0305,RTO12,ICTSS00109,SITTVAF302,5083,,20,,,1.80,Y,1
S0305,RTO12,ICTSS00109,SISSRGU201A,5083,,51,,,3.00,Y,1
S0305,RTO12,ICTSS00109,FBPAUD4004,5083,,20,,,1.80,Y,1
S0306,RTO06,ICTSS00109,SISSRGU201A,5360,,30,,,,,1
S0306,RTO06,ICTSS00109,SRXEMR003A,5360,,20,,,3.00,,1
S0306,RTO06,ICTSS00109,SITTVAF302,5360,,20,,,1.80,,1
S0306,RTO06,ICTSS00109,RGRROP310,5360,,20,,,1.80,,1
S0307,RTO10,ICTSS00109,SISSRGU201A,5552,,20,Y,,3.00,,1
S0307,RTO10,ICTSS00109,SRXEMR003A,5552,,20,Y,,,,1
S0307,RTO10,ICTSS00109,SITTVAF302,5552,,20,Y,,3.00,,1
S0307,RTO10,ICTSS00109,CHCRH4A,5552,,20,Y,,,,1
S0308,RTO13,ICTSS00109,SITTVAF302,5150,,20,Y,,1.80,Y,1
S0308,RTO13,ICTSS00109,RGRROP310,5150,,20,Y,,,Y,1
S0308,RTO13,ICTSS00109,CHCRH4A,5150,,30,Y,,,Y,1
S0308,RTO13,ICTSS00109,SRXEMR003A,5150,,51,Y,,3.00,Y,1
S0309,RTO06,ICTSS00109,FBPAUD4004,5201,,20,,,,Y,1
S0309,RTO06,ICTSS00109,RGRROP310,5201,,51,,,3.00,Y,1
S0309,RTO06,ICTSS00109,SITTVAF302,5201,,30,,,1.80,Y,1
S0309,RTO06,ICTSS00109,CHCRH4A,5201,,20,,,1.80,Y,1
S0310,RTO02,MAR10424,ICAB4135A,5904,,20,,,,,1
S0310,RTO02,MAR10424,BSBPUR402,5904,,20,,,1.80,,1
S0310,RTO02,MAR10424,CEPPRN401,5904,,20,,,,,1
S0310,RTO02,MAR10424,ACMHBR308,5904,,20,,,1.80,,1
S0311,RTO15,MAR10424,ICAB4135A,5304,,20,,,,Y,1
S0311,RTO15,MAR10424,RIICBS206D,5304,,20,,,,Y,1
S0311,RTO15,MAR10424,ACMHBR308,5304,,51,,,,Y,1
S0311,RTO15,MAR10424,BSBPUR402,5304,,20,,,,Y,1
S0312,RTO02,MAR10424,ACMHBR308,5416,,20,,,,,1
S0312,RTO02,MAR10424,ICAB4135A,5416,,20,,,,,1
S0312,RTO02,MAR10424,BSBPUR402,5416,,51,,,,,1
S0312,RTO02,MAR10424,CEPPRN401,5416,,51,,,,,1
S0313,RTO15,MAR10424,RIICBS206D,5311,,20,,,3.00,Y,1
S0313,RTO15,MAR10424,ACMHBR308,5311,,20,,,,Y,1
S0313,RTO15,MAR10424,CEPPRN401,5311,,20,,,,Y,1
S0313,RTO15,MAR10424,BSBPUR402,5311,,20,,,,Y,1
S0314,RTO02,MAR10424,ACMHBR308,5270,,20,,,,Y,1
S0314,RTO02,MAR10424,CEPPRN401,5270,,20,,,1.80,Y,1
S0314,RTO02,MAR10424,RIICBS206D,5270,,20,,,3.00,Y,1
S0314,RTO02,MAR10424,ICAB4135A,5270,,20,,,3.00,Y,1
S0315,RTO02,MAR10424,ACMHBR308,5412,,30,Y,,,,1
S0315,RTO02,MAR10424,ICAB4135A,5412,,20,Y,,1.80,,1
S0315,RTO02,MAR10424,FNAMERC04B,5412,,20,Y,,,,1
S0315,RTO02,MAR10424,RIICBS206D,5412,,20,Y,,3.00,,1
S0316,RTO15,MAR10424,ACMHBR308,5093,,20,Y,,,Y,1
S0316,RTO15,MAR10424,RIICBS206D,5093,,20,Y,,,Y,1
S0316,RTO15,MAR10424,FNAMERC04B,5093,,51,Y,,,Y,1
S0316,RTO15,MAR10424,ICAB4135A,5093,,20,Y,,,Y,1
S0317,RTO15,MAR10424,ACMHBR308,5523,,51,Y,,,Y,1
S0317,RTO15,MAR10424,CEPPRN401,5523,,30,Y,,,Y,1
S0317,RTO15,MAR10424,FNAMERC04B,5523,,20,Y,,,Y,1
S0317,RTO15,MAR10424,BSBPUR402,5523,,20,Y,,1.80,Y,1
S0318,RTO02,MAR10424,ACMHBR308,5554,,51,,,3.00,Y,1
S0318,RTO02,MAR10424,ICAB4135A,5554,,20,,,,Y,1
S0318,RTO02,MAR10424,BSBPUR402,5554,,20,,,,Y,1
S0318,RTO02,MAR10424,FNAMERC04B,5554,,20,,,,Y,1
S0319,RTO14,MAR30924,FPPRES8A,5001,,20,,,1.80,,1
S0319,RTO14,MAR30924,ICAITS120B,5001,,20,,,,,1
S0319,RTO14,MAR30924,ICPPRP322,5001,,20,,,,,1
S0319,RTO14,MAR30924,CPCPFS4025A,5001,,20,,,1.80,,1
S0320,RTO14,MAR30924,FPPRES8A,5115,,20,,,,Y,1
S0320,RTO14,MAR30924,LMFGG3007B,5115,,51,,,,Y,1
S0320,RTO14,MAR30924,LMFSF3013A,5115,,20,,,3.00,Y,1
S0320,RTO14,MAR30924,ICPPRP322,5115,,20,,,3.00,Y,1
S0321,RTO14,MAR30924,CPCPFS4025A,5605,,20,,,,,1
S0321,RTO14,MAR30924,LMFSF3013A,5605,,30,,,1.80,,1
S0321,RTO14,MAR30924,FPPRES8A,5605,,20,,,1.80,,1
S0321,RTO14,MAR30924,LMFGG3007B,5605,,20,,,,,1
S0322,RTO12,MEA20418,TLIO5005,5259,,20,Y,,1.80,,1
S0322,RTO12,MEA20418,ICTNWK602,5259,,20,Y,,,,1
S0322,RTO12,MEA20418,CPCCSV5003A,5259,,20,Y,,,,1
S0322,RTO12,MEA20418,PXLA,5259,,20,Y,,3.00,,1
S0323,RTO06,MEA20418,CUAMGT404,5604,,20,,,1.80,Y,1
S0323,RTO06,MEA20418,ICTNWK602,5604,,20,,,,Y,1
S0323,RTO06,MEA20418,HLTAH301B,5604,,20,,,1.80,Y,1
S0323,RTO06,MEA20418,PXLA,5604,,30,,,1.80,Y,1
S0324,RTO11,MEA20418,ICTNWK602,5242,,20,,,1.80,,1
S0324,RTO11,MEA20418,CPCCSV5003A,5242,,20,,,,,1
S0324,RTO11,MEA20418,TLIO5005,5242,,20,,,1.80,,1
S0324,RTO11,MEA20418,PXLA,5242,,51,,,1.80,,1
S0325,RTO06,MEA20418,CUAMGT404,5290,,20,Y,,,Y,1
S0325,RTO06,MEA20418,HLTAH301B,5290,,30,Y,,,Y,1
S0325,RTO06,MEA20418,TLIO5005,5290,,20,Y,,1.80,Y,1
S0325,RTO06,MEA20418,ICTNWK602,5290,,20,Y,,3.00,Y,1
S0326,RTO12,MEA20418,TLIO5005,5464,,20,Y,,1.80,Y,1
S0326,RTO12,MEA20418,CUAMGT404,5464,,30,Y,,,Y,1
S0326,RTO12,MEA20418,PXLA,5464,,51,Y,,,Y,1
S0326,RTO12,MEA20418,HLTAH301B,5464,,20,Y,,1.80,Y,1
S0327,RTO11,MEA20418,CPCCSV5003A,5885,,51,,,,,1
S0327,RTO11,MEA20418,CUAMGT404,5885,,51,,,,,1
S0327,RTO11,MEA20418,PXLA,5885,,20,,,,,1
S0327,RTO11,MEA20418,TLIO5005,5885,,51,,,,,1
S0328,RTO12,MEA20418,ICTNWK602,5473,,20,,,,Y,1
S0328,RTO12,MEA20418,CUAMGT404,5473,,30,,,,Y,1
S0328,RTO12,MEA20418,TLIO5005,5473,,20,,,1.80,Y,1
S0328,RTO12,MEA20418,PXLA,5473,,20,,,3.00,Y,1
S0329,RTO06,MEA20418,HLTAH301B,5577,,20,Y,,,Y,1
S0329,RTO06,MEA20418,ICTNWK602,5577,,20,Y,,,Y,1
S0329,RTO06,MEA20418,TLIO5005,5577,,20,Y,,1.80,Y,1
S0329,RTO06,MEA20418,CPCCSV5003A,5577,,20,Y,,3.00,Y,1
S0330,RTO08,MEA20418,TLIO5005,5720,,20,,,,Y,1
S0330,RTO08,MEA20418,CUAMGT404,5720,,20,,,,Y,1
S0330,RTO08,MEA20418,ICTNWK602,5720,,20,,,1.80,Y,1
S0330,RTO08,MEA20418,CPCCSV5003A,5720,,20,,,3.00,Y,1
S0331,RTO04,MEM50822,LMTPRHL09A,5051,,20,,,1.80,Y,1
S0331,RTO04,MEM50822,UEPOPS241B,5051,,51,,,3.00,Y,1
S0331,RTO04,MEM50822,CUFDIG303A,5051,,20,,,,Y,1
S0331,RTO04,MEM50822,UEENEEG015A,5051,,20,,,1.80,Y,1
S0332,RTO04,MEM50822,RIIMPO333E,5862,,20,Y,,3.00,,1
S0332,RTO04,MEM50822,UEPOPS241B,5862,,20,Y,,,,1
S0332,RTO04,MEM50822,CUFDIG303A,5862,,20,Y,,,,1
S0332,RTO04,MEM50822,UEENEEG015A,5862,,20,Y,,1.80,,1
S0333,RTO05,MEM50822,UEENEEG015A,5121,,20,,,3.00,Y,1
S0333,RTO05,MEM50822,RIIMPO333E,5121,,20,,,,Y,1
S0333,RTO05,MEM50822,UEPOPS241B,5121,,20,,,1.80,Y,1
S0333,RTO05,MEM50822,LMTPRHL09A,5121,,20,,,1.80,Y,1
S0334,RTO04,MEM50822,RIIMPO333E,5371,,51,,,,,1
S0334,RTO04,MEM50822,LMTPRHL09A,5371,,30,,,,,1
S0334,RTO04,MEM50822,UEENEEG015A,5371,,20,,,,,1
S0334,RTO04,MEM50822,UEPOPS241B,5371,,20,,,1.80,,1
S0335,RTO10,MEM50822,UEPOPS241B,5118,,20,,,1.80,,1
S0335,RTO10,MEM50822,CUFDIG303A,5118,,20,,,1.80,,1
S0335,RTO10,MEM50822,UEENEEG015A,5118,,20,,,3.00,,1
S0335,RTO10,MEM50822,PUAOPE010C,5118,,20,,,,,1
S0336,RTO04,MEM50822,PUAOPE010C,5490,,20,,,1.80,,1
S0336,RTO04,MEM50822,UEENEEG015A,5490,,20,,,3.00,,1
S0336,RTO04,MEM50822,RIIMPO333E,5490,,20,,,3.00,,1
S0336,RTO04,MEM50822,UEPOPS241B,5490,,20,,,,,1
S0337,RTO05,MEM50822,UEPOPS241B,5039,,51,,,,,1
S0337,RTO05,MEM50822,PUAOPE010C,5039,,30,,,3.00,,1
S0337,RTO05,MEM50822,UEENEEG015A,5039,,30,,,1.80,,1
S0337,RTO05,MEM50822,LMTPRHL09A,5039,,20,,,3.00,,1
S0338,RTO03,PSP20218,TDAL103A,5086,,20,,,1.80,Y,1
S0338,RTO03,PSP20218,AURVTP3010,5086,,20,,,,Y,1
S0338,RTO03,PSP20218,MTMP2016B,5086,,20,,,,Y,1
S0338,RTO03,PSP20218,SIRPDIS004A,5086,,20,,,,Y,1
S0339,RTO03,PSP20218,AURVTP3010,5106,,20,Y,,3.00,,1
S0339,RTO03,PSP20218,SIRPDIS004A,5106,,20,Y,,3.00,,1
S0339,RTO03,PSP20218,TDAL103A,5106,,20,Y,,,,1
S0339,RTO03,PSP20218,WRHHS407A,5106,,20,Y,,,,1
S0340,RTO03,PSP20218,AURVTP3010,5091,,20,,,,Y,1
S0340,RTO03,PSP20218,MTMP2016B,5091,,20,,,,Y,1
S0340,RTO03,PSP20218,FDFLAB3003A,5091,,20,,,,Y,1
S0340,RTO03,PSP20218,TDAL103A,5091,,20,,,1.80,Y,1
S0341,RTO06,PSP20218,FDFLAB3003A,5064,,20,Y,,3.00,Y,1
S0341,RTO06,PSP20218,SIRPDIS004A,5064,,20,Y,,3.00,Y,1
S0341,RTO06,PSP20218,MTMP2016B,5064,,20,Y,,,Y,1
S0341,RTO06,PSP20218,WRHHS407A,5064,,20,Y,,3.00,Y,1
S0342,RTO06,PSP20218,WRHHS407A,5118,,20,,,,Y,1
S0342,RTO06,PSP20218,FDFLAB3003A,5118,,20,,,1.80,Y,1
S0342,RTO06,PSP20218,TDAL103A,5118,,30,,,,Y,1
S0342,RTO06,PSP20218,MTMP2016B,5118,,20,,,,Y,1
S0343,RTO09,PSP20218,SIRPDIS004A,5880,,20,,,,Y,1
S0343,RTO09,PSP20218,MTMP2016B,5880,,30,,,3.00,Y,1
S0343,RTO09,PSP20218,WRHHS407A,5880,,51,,,3.00,Y,1
S0343,RTO09,PSP20218,TDAL103A,5880,,20,,,3.00,Y,1
S0344,RTO15,PSP40616,CUAIND403,5868,,51,,,1.80,,1
S0344,RTO15,PSP40616,UEGNSG309B,5868,,20,,,,,1
S0344,RTO15,PSP40616,MTMP3107A,5868,,20,,,,,1
S0344,RTO15,PSP40616,VU22586,5868,,20,,,1.80,,1
S0345,RTO02,PSP40616,VU22586,5655,,20,Y,,,,1
S0345,RTO02,PSP40616,CUAIND403,5655,,20,Y,,,,1
S0345,RTO02,PSP40616,MTMP3107A,5655,,20,Y,,,,1
S0345,RTO02,PSP40616,UEGNSG309B,5655,,20,Y,,,,1
S0346,RTO02,PSP40616,MTMP3107A,5888,,20,,,1.80,,1
S0346,RTO02,PSP40616,FNSACC614,5888,,30,,,,,1
S0346,RTO02,PSP40616,NWPIRR023,5888,,20,,,1.80,,1
S0346,RTO02,PSP40616,CUAIND403,5888,,20,,,1.80,,1
S0347,RTO15,PSP40616,MTMP3107A,5212,,20,,,,,1
S0347,RTO15,PSP40616,UEGNSG309B,5212,,20,,,,,1
S0347,RTO15,PSP40616,NWPIRR023,5212,,30,,,,,1
S0347,RTO15,PSP40616,FNSACC614,5212,,20,,,,,1
S0348,RTO15,PSP40616,MTMP3107A,5075,,20,,,,Y,1
S0348,RTO15,PSP40616,VU22586,5075,,20,,,,Y,1
S0348,RTO15,PSP40616,NWPIRR023,5075,,30,,,,Y,1
S0348,RTO15,PSP40616,UEGNSG309B,5075,,20,,,,Y,1
S0349,RTO15,PSP40616,CUAIND403,5009,,30,,,1.80,,1
S0349,RTO15,PSP40616,FNSACC614,5009,,20,,,,,1
S0349,RTO15,PSP40616,MTMP3107A,5009,,20,,,3.00,,1
S0349,RTO15,PSP40616,NWPIRR023,5009,,51,,,,,1
S0350,RTO15,PSP40616,UEGNSG309B,5015,,20,Y,,3.00,,1
S0350,RTO15,PSP40616,NWPIRR023,5015,,20,Y,,3.00,,1
S0350,RTO15,PSP40616,CUAIND403,5015,,20,Y,,,,1
S0350,RTO15,PSP40616,MTMP3107A,5015,,20,Y,,,,1
S0351,RTO02,PSP40616,NWPIRR023,5252,,20,,,3.00,Y,1
S0351,RTO02,PSP40616,MTMP3107A,5252,,20,,,3.00,Y,1
S0351,RTO02,PSP40616,CUAIND403,5252,,30,,,,Y,1
S0351,RTO02,PSP40616,VU22586,5252,,20,,,,Y,1
S0352,RTO02,PSP40616,VU22586,5017,,20,,,1.80,,1
S0352,RTO02,PSP40616,NWPIRR023,5017,,51,,,,,1
S0352,RTO02,PSP40616,FNSACC614,5017,,20,,,,,1
S0352,RTO02,PSP40616,MTMP3107A,5017,,20,,,,,1
S0353,RTO15,PSP40616,MTMP3107A,5081,,20,,,1.80,,1
S0353,RTO15,PSP40616,UEGNSG309B,5081,,51,,,,,1
S0353,RTO15,PSP40616,CUAIND403,5081,,20,,,,,1
S0353,RTO15,PSP40616,NWPIRR023,5081,,20,,,,,1
S0354,RTO02,PSP40616,CUAIND403,5253,,20,,,3.00,,1
S0354,RTO02,PSP40616,UEGNSG309B,5253,,20,,,,,1
S0354,RTO02,PSP40616,NWPIRR023,5253,,20,,,,,1
S0354,RTO02,PSP40616,VU22586,5253,,20,,,,,1
S0355,RTO15,PSP40616,CUAIND403,5267,,51,Y,,1.80,Y,1
S0355,RTO15,PSP40616,MTMP3107A,5267,,20,Y,,3.00,Y,1
S0355,RTO15,PSP40616,VU22586,5267,,20,Y,,,Y,1
S0355,RTO15,PSP40616,NWPIRR023,5267,,20,Y,,3.00,Y,1
S0356,RTO07,PSP40818,NYKM,5132,,20,,,,Y,1
S0356,RTO07,PSP40818,MEM09155A,5132,,20,,,,Y,1
S0356,RTO07,PSP40818,SIRCPPA012,5132,,51,,,,Y,1
S0356,RTO07,PSP40818,MEA605A,5132,,20,,,,Y,1
S0357,RTO09,PSP40818,FDFPHAFS2A,5290,,20,Y,,1.80,Y,1
S0357,RTO09,PSP40818,NYKM,5290,,20,Y,,3.00,Y,1
S0357,RTO09,PSP40818,SIRCPPA012,5290,,20,Y,,3.00,Y,1
S0357,RTO09,PSP40818,RUHHRT237A,5290,,20,Y,,3.00,Y,1
S0358,RTO09,PSP40818,FDFPHAFS2A,5322,,20,Y,,,,1
S0358,RTO09,PSP40818,MEM09155A,5322,,30,Y,,3.00,,1
S0358,RTO09,PSP40818,RUHHRT237A,5322,,20,Y,,3.00,,1
S0358,RTO09,PSP40818,NYKM,5322,,30,Y,,1.80,,1
S0359,RTO08,PSP40818,FDFPHAFS2A,5604,,30,Y,,1.80,Y,1
S0359,RTO08,PSP40818,MEM09155A,5604,,30,Y,,,Y,1
S0359,RTO08,PSP40818,MEA605A,5604,,20,Y,,3.00,Y,1
S0359,RTO08,PSP40818,NYKM,5604,,20,Y,,3.00,Y,1
S0360,RTO08,PSP40818,MEM09155A,5342,,20,,,3.00,Y,1
S0360,RTO08,PSP40818,SIRCPPA012,5342,,20,,,,Y,1
S0360,RTO08,PSP40818,RUHHRT237A,5342,,51,,,3.00,Y,1
S0360,RTO08,PSP40818,MEA605A,5342,,20,,,,Y,1
S0361,RTO08,PSP40818,FDFPHAFS2A,5290,,20,,,,Y,1
S0361,RTO08,PSP40818,MEA605A,5290,,51,,,3.00,Y,1
S0361,RTO08,PSP40818,SIRCPPA012,5290,,51,,,1.80,Y,1
S0361,RTO08,PSP40818,RUHHRT237A,5290,,20,,,,Y,1
S0362,RTO07,PSP40818,MEM09155A,5372,,20,,,3.00,Y,1
S0362,RTO07,PSP40818,FDFPHAFS2A,5372,,20,,,1.80,Y,1
S0362,RTO07,PSP40818,NYKM,5372,,20,,,3.00,Y,1
S0362,RTO07,PSP40818,MEA605A,5372,,30,,,3.00,Y,1
S0363,RTO09,PSP40818,RUHHRT237A,5242,,30,,,1.80,Y,1
S0363,RTO09,PSP40818,SIRCPPA012,5242,,20,,,,Y,1
S0363,RTO09,PSP40818,MEM09155A,5242,,20,,,1.80,Y,1
S0363,RTO09,PSP40818,FDFPHAFS2A,5242,,20,,,,Y,1
S0364,RTO09,PSP40818,SIRCPPA012,5220,,20,,,3.00,Y,1
S0364,RTO09,PSP40818,RUHHRT237A,5220,,20,,,,Y,1
S0364,RTO09,PSP40818,MEA605A,5220,,20,,,,Y,1
S0364,RTO09,PSP40818,NYKM,5220,,20,,,,Y,1
S0365,RTO02,PSP51018,HLTREF004,5502,,20,,,,Y,1
S0365,RTO02,PSP51018,PUAPOLFC005B,5502,,20,,,,Y,1
S0365,RTO02,PSP51018,LMTPRTF02CA,5502,,20,,,3.00,Y,1
S0365,RTO02,PSP51018,BSBSLS306A,5502,,20,,,,Y,1
S0366,RTO10,PSP51018,PUAPOLFC005B,5161,,20,,,1.80,Y,1
S0366,RTO10,PSP51018,HLTREF004,5161,,30,,,1.80,Y,1
S0366,RTO10,PSP51018,BSBSLS306A,5161,,20,,,1.80,Y,1
S0366,RTO10,PSP51018,SISOCLA201A,5161,,20,,,,Y,1
S0367,RTO03,PSP51018,HLTREF004,5839,,51,,,,Y,1
S0367,RTO03,PSP51018,SFIAQUA315A,5839,,20,,,,Y,1
S0367,RTO03,PSP51018,SISOCLA201A,5839,,20,,,,Y,1
S0367,RTO03,PSP51018,LMTPRTF02CA,5839,,20,,,,Y,1
S0368,RTO03,PSP51018,SISOCLA201A,5161,,20,,,3.00,Y,1
S0368,RTO03,PSP51018,SFIAQUA315A,5161,,20,,,1.80,Y,1
S0368,RTO03,PSP51018,LMTPRTF02CA,5161,,20,,,3.00,Y,1
S0368,RTO03,PSP51018,HLTREF004,5161,,20,,,,Y,1
S0369,RTO10,PSP51018,BSBSLS306A,5121,,20,,,,Y,1
S0369,RTO10,PSP51018,SISOCLA201A,5121,,20,,,1.80,Y,1
S0369,RTO10,PSP51018,PUAPOLFC005B,5121,,20,,,3.00,Y,1
S0369,RTO10,PSP51018,LMTPRTF02CA,5121,,20,,,,Y,1
S0370,RTO10,PSP51018,SISOCLA201A,5725,,20,,,,Y,1
S0370,RTO10,PSP51018,LMTPRTF02CA,5725,,20,,,3.00,Y,1
S0370,RTO10,PSP51018,BSBSLS306A,5725,,20,,,3.00,Y,1
S0370,RTO10,PSP51018,HLTREF004,5725,,20,,,1.80,Y,1
S0371,RTO02,PSP51018,PUAPOLFC005B,5301,,20,,,,Y,1
S0371,RTO02,PSP51018,SISOCLA201A,5301,,20,,,1.80,Y,1
S0371,RTO02,PSP51018,HLTREF004,5301,,20,,,3.00,Y,1
S0371,RTO02,PSP51018,SFIAQUA315A,5301,,20,,,,Y,1
S0372,RTO05,RGR20221,AHCDES503,5462,,20,,,3.00,Y,1
S0372,RTO05,RGR20221,MARN004,5462,,20,,,1.80,Y,1
S0372,RTO05,RGR20221,UETTDRDS45A,5462,,20,,,1.80,Y,1
S0372,RTO05,RGR20221,CUVPHI10B,5462,,30,,,,Y,1
S0373,RTO05,RGR20221,UETTDRDS45A,5942,,51,,,,,1
S0373,RTO05,RGR20221,AHCDES503,5942,,20,,,3.00,,1
S0373,RTO05,RGR20221,ICAITS023B,5942,,51,,,,,1
S0373,RTO05,RGR20221,EAC130B,5942,,20,,,3.00,,1
S0374,RTO05,RGR20221,ICAITS023B,5091,,20,,,1.80,Y,1
S0374,RTO05,RGR20221,MARN004,5091,,51,,,1.80,Y,1
S0374,RTO05,RGR20221,UETTDRDS45A,5091,,20,,,,Y,1
S0374,RTO05,RGR20221,AHCDES503,5091,,20,,,1.80,Y,1
S0375,RTO05,RGR20221,EAC130B,5722,,51,,,1.80,,1
S0375,RTO05,RGR20221,CUVPHI10B,5722,,20,,,1.80,,1
S0375,RTO05,RGR20221,MARN004,5722,,20,,,1.80,,1
S0375,RTO05,RGR20221,AHCDES503,5722,,20,,,,,1
S0376,RTO05,RGR20221,MARN004,5088,,20,,,3.00,Y,1
S0376,RTO05,RGR20221,ICAITS023B,5088,,20,,,3.00,Y,1
S0376,RTO05,RGR20221,EAC130B,5088,,51,,,3.00,Y,1
S0376,RTO05,RGR20221,UETTDRDS45A,5088,,20,,,1.80,Y,1
S0377,RTO05,RGR20221,MARN004,5067,,51,,,3.00,,1
S0377,RTO05,RGR20221,CUVPHI10B,5067,,20,,,,,1
S0377,RTO05,RGR20221,AHCDES503,5067,,20,,,3.00,,1
S0377,RTO05,RGR20221,ICAITS023B,5067,,20,,,1.80,,1
S0378,RTO05,RGR20221,AHCDES503,5354,,30,,,1.80,Y,1
S0378,RTO05,RGR20221,CUVPHI10B,5354,,20,,,3.00,Y,1
S0378,RTO05,RGR20221,ICAITS023B,5354,,20,,,1.80,Y,1
S0378,RTO05,RGR20221,UETTDRDS45A,5354,,20,,,1.80,Y,1
S0379,RTO05,SHB30121,ICAS3031A,5920,,20,Y,,,Y,1
S0379,RTO05,SHB30121,RZFK,5920,,20,Y,,1.80,Y,1
S0379,RTO05,SHB30121,TDTI598A,5920,,20,Y,,,Y,1
S0379,RTO05,SHB30121,AHCPMG507,5920,,20,Y,,1.80,Y,1
S0380,RTO02,SHB30121,RZFK,5717,,51,Y,,3.00,Y,1
S0380,RTO02,SHB30121,AURVTA002,5717,,20,Y,,3.00,Y,1
S0380,RTO02,SHB30121,TDTI598A,5717,,30,Y,,3.00,Y,1
S0380,RTO02,SHB30121,AHCPMG507,5717,,30,Y,,,Y,1
S0381,RTO10,SHB30121,AHCPMG507,5201,,20,Y,,3.00,Y,1
S0381,RTO10,SHB30121,TDTI598A,5201,,20,Y,,,Y,1
S0381,RTO10,SHB30121,FDFTEC4005A,5201,,20,Y,,,Y,1
S0381,RTO10,SHB30121,RZFK,5201,,30,Y,,,Y,1
S0382,RTO06,SHB30121,TDTI598A,5127,,51,,,,Y,1
S0382,RTO06,SHB30121,ICAS3031A,5127,,20,,,,Y,1
S0382,RTO06,SHB30121,AHCPMG507,5127,,51,,,1.80,Y,1
S0382,RTO06,SHB30121,FDFTEC4005A,5127,,20,,,,Y,1
S0383,RTO10,SHB30121,AHCPMG507,5920,,20,Y,,,,1
S0383,RTO10,SHB30121,TDTI598A,5920,,51,Y,,1.80,,1
S0383,RTO10,SHB30121,ICAS3031A,5920,,30,Y,,,,1
S0383,RTO10,SHB30121,AURVTA002,5920,,20,Y,,1.80,,1
S0384,RTO06,SHB30121,RZFK,5430,,20,Y,,,Y,1
S0384,RTO06,SHB30121,TDTI598A,5430,,20,Y,,,Y,1
S0384,RTO06,SHB30121,AURVTA002,5430,,20,Y,,1.80,Y,1
S0384,RTO06,SHB30121,AHCPMG507,5430,,20,Y,,3.00,Y,1
S0385,RTO10,SHB30121,AURVTA002,5464,,51,,,3.00,Y,1
S0385,RTO10,SHB30121,RZFK,5464,,30,,,1.80,Y,1
S0385,RTO10,SHB30121,ICAS3031A,5464,,30,,,3.00,Y,1
S0385,RTO10,SHB30121,FDFTEC4005A,5464,,20,,,3.00,Y,1
S0386,RTO10,SHB30121,ICAS3031A,5306,,20,Y,,,,1
S0386,RTO10,SHB30121,TDTI598A,5306,,20,Y,,,,1
S0386,RTO10,SHB30121,AHCPMG507,5306,,20,Y,,1.80,,1
S0386,RTO10,SHB30121,AURVTA002,5306,,20,Y,,,,1
S0387,RTO02,SHB30121,AHCPMG507,5098,,20,,,3.00,Y,1
S0387,RTO02,SHB30121,AURVTA002,5098,,20,,,1.80,Y,1
S0387,RTO02,SHB30121,TDTI598A,5098,,20,,,1.80,Y,1
S0387,RTO02,SHB30121,RZFK,5098,,20,,,3.00,Y,1
S0388,RTO05,SHB30121,ICAS3031A,5201,,20,,,,Y,1
S0388,RTO05,SHB30121,AURVTA002,5201,,51,,,1.80,Y,1
S0388,RTO05,SHB30121,AHCPMG507,5201,,20,,,3.00,Y,1
S0388,RTO05,SHB30121,TDTI598A,5201,,20,,,,Y,1
S0389,RTO10,SHB30121,RZFK,5353,,20,,,,Y,1
S0389,RTO10,SHB30121,TDTI598A,5353,,20,,,3.00,Y,1
S0389,RTO10,SHB30121,FDFTEC4005A,5353,,51,,,,Y,1
S0389,RTO10,SHB30121,AURVTA002,5353,,20,,,,Y,1
S0390,RTO06,SHB50121,UEPMNT431B,5723,,20,Y,,,Y,1
S0390,RTO06,SHB50121,PMCR,5723,,20,Y,,,Y,1
S0390,RTO06,SHB50121,SRSOGP016A,5723,,20,Y,,3.00,Y,1
S0390,RTO06,SHB50121,HLTAHW608B,5723,,51,Y,,,Y,1
S0391,RTO10,SHB50121,PMCR,5460,,20,Y,,,Y,1
S0391,RTO10,SHB50121,HLTAHW608B,5460,,20,Y,,1.80,Y,1
S0391,RTO10,SHB50121,SRSOGP016A,5460,,20,Y,,1.80,Y,1
S0391,RTO10,SHB50121,AHCDRY302,5460,,20,Y,,,Y,1
S0392,RTO14,SHB50121,HLTAHW608B,5025,,20,Y,,,,1
S0392,RTO14,SHB50121,AHCDRY302,5025,,20,Y,,,,1
S0392,RTO14,SHB50121,VU20236,5025,,20,Y,,,,1
S0392,RTO14,SHB50121,UEPMNT431B,5025,,20,Y,,,,1
S0393,RTO06,SHB50121,UEPMNT431B,5174,,20,Y,,,Y,1
S0393,RTO06,SHB50121,PMCR,5174,,20,Y,,,Y,1
S0393,RTO06,SHB50121,AHCDRY302,5174,,20,Y,,,Y,1
S0393,RTO06,SHB50121,HLTAHW608B,5174,,20,Y,,1.80,Y,1
S0394,RTO10,SHB50121,UEPMNT431B,5650,,20,,,3.00,Y,1
S0394,RTO10,SHB50121,SRSOGP016A,5650,,20,,,,Y,1
S0394,RTO10,SHB50121,VU20236,5650,,20,,,1.80,Y,1
S0394,RTO10,SHB50121,HLTAHW608B,5650,,20,,,,Y,1
S0395,RTO10,SHB50121,VU20236,5108,,30,,,,,1
S0395,RTO10,SHB50121,PMCR,5108,,20,,,3.00,,1
S0395,RTO10,SHB50121,AHCDRY302,5108,,20,,,1.80,,1
S0395,RTO10,SHB50121,HLTAHW608B,5108,,30,,,1.80,,1
S0396,RTO10,SHB50121,HLTAHW608B,5121,,20,,,1.80,Y,1
S0396,RTO10,SHB50121,UEPMNT431B,5121,,20,,,1.80,Y,1
S0396,RTO10,SHB50121,VU20236,5121,,20,,,,Y,1
S0396,RTO10,SHB50121,PMCR,5121,,20,,,3.00,Y,1
S0397,RTO14,SHB50121,SRSOGP016A,5204,,30,,,1.80,Y,1
S0397,RTO14,SHB50121,PMCR,5204,,20,,,3.00,Y,1
S0397,RTO14,SHB50121,UEPMNT431B,5204,,20,,,1.80,Y,1
S0397,RTO14,SHB50121,AHCDRY302,5204,,20,,,3.00,Y,1
S0398,RTO14,SHB50121,PMCR,5033,,20,Y,,,,1
S0398,RTO14,SHB50121,VU20236,5033,,20,Y,,,,1
S0398,RTO14,SHB50121,SRSOGP016A,5033,,20,Y,,,,1
S0398,RTO14,SHB50121,AHCDRY302,5033,,20,Y,,,,1
S0399,RTO10,SHB50121,HLTAHW608B,5095,,20,,,,Y,1
S0399,RTO10,SHB50121,SRSOGP016A,5095,,51,,,1.80,Y,1
S0399,RTO10,SHB50121,PMCR,5095,,20,,,1.80,Y,1
S0399,RTO10,SHB50121,VU20236,5095,,30,,,,Y,1
S0400,RTO14,SHB50121,SRSOGP016A,5038,,20,,,,Y,1
S0400,RTO14,SHB50121,UEPMNT431B,5038,,20,,,3.00,Y,1
S0400,RTO14,SHB50121,PMCR,5038,,20,,,1.80,Y,1
S0400,RTO14,SHB50121,HLTAHW608B,5038,,20,,,,Y,1
S0401,RTO14,SHB50121,PMCR,5106,,30,Y,,1.80,Y,1
S0401,RTO14,SHB50121,HLTAHW608B,5106,,30,Y,,3.00,Y,1
S0401,RTO14,SHB50121,VU20236,5106,,20,Y,,3.00,Y,1
S0401,RTO14,SHB50121,SRSOGP016A,5106,,30,Y,,,Y,1
S0402,RTO12,SIT40521,UETTDRCJ14B,5660,,30,,,1.80,Y,1
S0402,RTO12,SIT40521,CPPWMT4055A,5660,,20,,,,Y,1
S0402,RTO12,SIT40521,HLTREF504B,5660,,20,,,1.80,Y,1
S0402,RTO12,SIT40521,CHCTC403B,5660,,20,,,,Y,1
S0403,RTO05,SIT40521,CPPSIS3017A,5166,,20,,,3.00,,1
S0403,RTO05,SIT40521,HLTREF504B,5166,,20,,,,,1
S0403,RTO05,SIT40521,CHCTC403B,5166,,51,,,1.80,,1
S0403,RTO05,SIT40521,UETTDRCJ14B,5166,,20,,,,,1
S0404,RTO01,SIT40521,CPPSIS3017A,5416,,20,,,1.80,Y,1
S0404,RTO01,SIT40521,CHCTC403B,5416,,20,,,3.00,Y,1
S0404,RTO01,SIT40521,CPPWMT4055A,5416,,30,,,,Y,1
S0404,RTO01,SIT40521,HLTREF504B,5416,,20,,,3.00,Y,1
S0405,RTO09,SIT40521,CPPWMT4055A,5220,,30,Y,,,,1
S0405,RTO09,SIT40521,CPPSIS3017A,5220,,20,Y,,1.80,,1
S0405,RTO09,SIT40521,HLTREF504B,5220,,20,Y,,,,1
S0405,RTO09,SIT40521,CHCTC403B,5220,,20,Y,,,,1
S0406,RTO09,SIT40521,CHCTC403B,5118,,20,Y,,,,1
S0406,RTO09,SIT40521,UETTDRCJ14B,5118,,20,Y,,,,1
S0406,RTO09,SIT40521,BCC3011A,5118,,20,Y,,,,1
S0406,RTO09,SIT40521,CPPSIS3017A,5118,,20,Y,,1.80,,1
S0407,RTO01,SIT40521,CPPSIS3017A,5210,,20,,,1.80,,1
S0407,RTO01,SIT40521,BCC3011A,5210,,20,,,,,1
S0407,RTO01,SIT40521,UETTDRCJ14B,5210,,20,,,,,1
S0407,RTO01,SIT40521,CPPWMT4055A,5210,,20,,,3.00,,1
S0408,RTO12,SIT40521,BCC3011A,5025,,20,Y,,3.00,,1
S0408,RTO12,SIT40521,CPPSIS3017A,5025,,20,Y,,1.80,,1
S0408,RTO12,SIT40521,UETTDRCJ14B,5025,,20,Y,,,,1
S0408,RTO12,SIT40521,CHCTC403B,5025,,51,Y,,3.00,,1
S0409,RTO09,SSDIS01001,RIICRM206D,5453,,20,,,,,1
S0409,RTO09,SSDIS01001,UEENEEE010B,5453,,20,,,,,1
S0409,RTO09,SSDIS01001,PUAOPE012A,5453,,20,,,,,1
S0409,RTO09,SSDIS01001,CHCPR5A,5453,,30,,,,,1
S0410,RTO08,SSDIS01001,CHCPR5A,5671,,20,,,3.00,,1
S0410,RTO08,SSDIS01001,ICAITI098A,5671,,20,,,,,1
S0410,RTO08,SSDIS01001,UEENEEE010B,5671,,20,,,3.00,,1
S0410,RTO08,SSDIS01001,PUAOPE012A,5671,,20,,,,,1
S0411,RTO08,SSDIS01001,RIICRM206D,5419,,20,Y,,1.80,,1
S0411,RTO08,SSDIS01001,UEENEEE010B,5419,,20,Y,,,,1
S0411,RTO08,SSDIS01001,PUAOPE012A,5419,,20,Y,,,,1
S0411,RTO08,SSDIS01001,CHCPR5A,5419,,20,Y,,,,1
S0412,RTO01,SSDIS01001,SRXFAC001B,5037,,20,,,,Y,1
S0412,RTO01,SSDIS01001,CHCPR5A,5037,,20,,,3.00,Y,1
S0412,RTO01,SSDIS01001,UEENEEE010B,5037,,20,,,3.00,Y,1
S0412,RTO01,SSDIS01001,ICAITI098A,5037,,20,,,,Y,1
S0413,RTO09,SSDIS01001,UEENEEE010B,5139,,30,Y,,,Y,1
S0413,RTO09,SSDIS01001,SRXFAC001B,5139,,30,Y,,,Y,1
S0413,RTO09,SSDIS01001,ICAITI098A,5139,,20,Y,,1.80,Y,1
S0413,RTO09,SSDIS01001,PUAOPE012A,5139,,20,Y,,1.80,Y,1
S0414,RTO09,SSDIS01001,CHCPR5A,5890,,20,,,,Y,1
S0414,RTO09,SSDIS01001,RIICRM206D,5890,,20,,,1.80,Y,1
S0414,RTO09,SSDIS01001,SRXFAC001B,5890,,20,,,3.00,Y,1
S0414,RTO09,SSDIS01001,ICAITI098A,5890,,20,,,3.00,Y,1
S0415,RTO01,SSDIS01001,CHCPR5A,5158,,20,,,,Y,1
S0415,RTO01,SSDIS01001,UEENEEE010B,5158,,20,,,,Y,1
S0415,RTO01,SSDIS01001,RIICRM206D,5158,,20,,,,Y,1
S0415,RTO01,SSDIS01001,SRXFAC001B,5158,,20,,,1.80,Y,1
S0416,RTO12,SSDIS01011,CPCCSP3004A,5877,,20,,,,Y,1
S0416,RTO12,SSDIS01011,MEM25001B,5877,,20,,,1.80,Y,1
S0416,RTO12,SSDIS01011,CUAPYR404,5877,,30,,,,Y,1
S0416,RTO12,SSDIS01011,CUVPRP101A,5877,,51,,,,Y,1
S0417,RTO07,SSDIS01011,RUVVEN501A,5254,,20,,,,,1
S0417,RTO07,SSDIS01011,MEM25001B,5254,,20,,,,,1
S0417,RTO07,SSDIS01011,CPCCSP3004A,5254,,20,,,,,1
S0417,RTO07,SSDIS01011,CUVPRP101A,5254,,51,,,1.80,,1
S0418,RTO07,SSDIS01011,CPCCSP3004A,5150,,20,,,,Y,1
S0418,RTO07,SSDIS01011,MEM25001B,5150,,20,,,,Y,1
S0418,RTO07,SSDIS01011,CUVPRP101A,5150,,20,,,,Y,1
S0418,RTO07,SSDIS01011,RUVVEN501A,5150,,20,,,3.00,Y,1
S0419,RTO12,SSDIS01011,CPCCSP3004A,5015,,20,,,,Y,1
S0419,RTO12,SSDIS01011,PSPTRAN501A,5015,,30,,,,Y,1
S0419,RTO12,SSDIS01011,CUAPYR404,5015,,20,,,,Y,1
S0419,RTO12,SSDIS01011,MEM25001B,5015,,20,,,3.00,Y,1
S0420,RTO12,SSDIS01011,CUVPRP101A,5089,,20,,,1.80,Y,1
S0420,RTO12,SSDIS01011,CPCCSP3004A,5089,,20,,,,Y,1
S0420,RTO12,SSDIS01011,CUAPYR404,5089,,20,,,3.00,Y,1
S0420,RTO12,SSDIS01011,PSPTRAN501A,5089,,20,,,,Y,1
S0421,RTO12,SSDIS01011,CUVPRP101A,5642,,20,,,1.80,Y,1
S0421,RTO12,SSDIS01011,CPCCSP3004A,5642,,20,,,,Y,1
S0421,RTO12,SSDIS01011,PSPTRAN501A,5642,,20,,,1.80,Y,1
S0421,RTO12,SSDIS01011,CUAPYR404,5642,,20,,,,Y,1
S0422,RTO07,SSDIS01011,PSPTRAN501A,5125,,20,,,3.00,Y,1
S0422,RTO07,SSDIS01011,CUVPRP101A,5125,,30,,,3.00,Y,1
S0422,RTO07,SSDIS01011,CUAPYR404,5125,,20,,,,Y,1
S0422,RTO07,SSDIS01011,RUVVEN501A,5125,,20,,,1.80,Y,1
S0423,RTO07,SSDIS01011,CUVPRP101A,5416,,20,,,,Y,1
S0423,RTO07,SSDIS01011,RUVVEN501A,5416,,20,,,3.00,Y,1
S0423,RTO07,SSDIS01011,PSPTRAN501A,5416,,20,,,3.00,Y,1
S0423,RTO07,SSDIS01011,MEM25001B,5416,,20,,,,Y,1
S0424,RTO07,SSDIS01011,CPCCSP3004A,5558,,20,,,,,1
S0424,RTO07,SSDIS01011,CUVPRP101A,5558,,20,,,,,1
S0424,RTO07,SSDIS01011,RUVVEN501A,5558,,20,,,1.80,,1
S0424,RTO07,SSDIS01011,PSPTRAN501A,5558,,20,,,1.80,,1
S0425,RTO07,SSDIS01011,PSPTRAN501A,5204,,20,,,3.00,Y,1
S0425,RTO07,SSDIS01011,CPCCSP3004A,5204,,20,,,3.00,Y,1
S0425,RTO07,SSDIS01011,RUVVEN501A,5204,,20,,,,Y,1
S0425,RTO07,SSDIS01011,MEM25001B,5204,,20,,,1.80,Y,1
S0426,RTO12,SSDIS01016,MEA315B,5212,,20,,,3.00,Y,1
S0426,RTO12,SSDIS01016,MNCU1072A,5212,,51,,,1.80,Y,1
S0426,RTO12,SSDIS01016,ICTSAS420,5212,,20,,,3.00,Y,1
S0426,RTO12,SSDIS01016,HLTNUT606B,5212,,20,,,1.80,Y,1
S0427,RTO14,SSDIS01016,MEA315B,5221,,51,,,3.00,Y,1
S0427,RTO14,SSDIS01016,ICTSAS420,5221,,20,,,,Y,1
S0427,RTO14,SSDIS01016,MNCU1072A,5221,,20,,,,Y,1
S0427,RTO14,SSDIS01016,HLTNUT606B,5221,,20,,,,Y,1
S0428,RTO02,SSDIS01016,BSBIPR403,5272,,20,Y,,,,1
S0428,RTO02,SSDIS01016,ICTSAS420,5272,,20,Y,,1.80,,1
S0428,RTO02,SSDIS01016,MEA315B,5272,,30,Y,,,,1
S0428,RTO02,SSDIS01016,SISSRGU308A,5272,,51,Y,,3.00,,1
S0429,RTO12,SSDIS01016,MNCU1072A,5237,,20,Y,,,,1
S0429,RTO12,SSDIS01016,MEA315B,5237,,20,Y,,1.80,,1
S0429,RTO12,SSDIS01016,SISSRGU308A,5237,,20,Y,,,,1
S0429,RTO12,SSDIS01016,ICTSAS420,5237,,20,Y,,,,1
S0430,RTO02,SSDIS01016,HLTNUT606B,5420,,20,Y,,,Y,1
S0430,RTO02,SSDIS01016,MNCU1072A,5420,,20,Y,,3.00,Y,1
S0430,RTO02,SSDIS01016,MEA315B,5420,,20,Y,,,Y,1
S0430,RTO02,SSDIS01016,ICTSAS420,5420,,20,Y,,3.00,Y,1
S0431,RTO06,TAE40122,ACMWHS501A,5650,,30,Y,,1.80,,1
S0431,RTO06,TAE40122,ICPCF235C,5650,,20,Y,,1.80,,1
S0431,RTO06,TAE40122,SIRXCEG007,5650,,20,Y,,,,1
S0431,RTO06,TAE40122,MEM50006B,5650,,20,Y,,,,1
S0432,RTO13,TAE40122,MEM50006B,5236,,20,,,,Y,1
S0432,RTO13,TAE40122,ICPCF235C,5236,,20,,,,Y,1
S0432,RTO13,TAE40122,RUHHRT402A,5236,,20,,,1.80,Y,1
S0432,RTO13,TAE40122,ACMWHS501A,5236,,20,,,,Y,1
S0433,RTO06,TAE40122,THHSCAT03B,5342,,20,,,1.80,,1
S0433,RTO06,TAE40122,MEM50006B,5342,,20,,,1.80,,1
S0433,RTO06,TAE40122,ACMWHS501A,5342,,20,,,3.00,,1
S0433,RTO06,TAE40122,ICPCF235C,5342,,51,,,3.00,,1
S0434,RTO13,TAE40122,THHSCAT03B,5211,,20,,,3.00,Y,1
S0434,RTO13,TAE40122,ACMWHS501A,5211,,20,,,,Y,1
S0434,RTO13,TAE40122,ICPCF235C,5211,,20,,,,Y,1
S0434,RTO13,TAE40122,SIRXCEG007,5211,,20,,,,Y,1
S0435,RTO12,TAE40122,THHSCAT03B,5160,,20,,,,Y,1
S0435,RTO12,TAE40122,ACMWHS501A,5160,,20,,,,Y,1
S0435,RTO12,TAE40122,ICPCF235C,5160,,20,,,,Y,1
S0435,RTO12,TAE40122,MEM50006B,5160,,20,,,,Y,1
S0436,RTO12,TAE40122,THHSCAT03B,0872,,20,Y,,,,1
S0436,RTO12,TAE40122,ACMWHS501A,0872,,20,Y,,1.80,,1
S0436,RTO12,TAE40122,MEM50006B,0872,,20,Y,,1.80,,1
S0436,RTO12,TAE40122,ICPCF235C,0872,,20,Y,,3.00,,1
S0437,RTO04,TAE40122,ICPCF235C,5875,,20,Y,,,Y,1
S0437,RTO04,TAE40122,SIRXCEG007,5875,,30,Y,,,Y,1
S0437,RTO04,TAE40122,MEM50006B,5875,,20,Y,,1.80,Y,1
S0437,RTO04,TAE40122,ACMWHS501A,5875,,20,Y,,,Y,1
S0438,RTO13,TAE40122,ACMWHS501A,5422,,30,Y,,,,1
S0438,RTO13,TAE40122,THHSCAT03B,5422,,20,Y,,1.80,,1
S0438,RTO13,TAE40122,MEM50006B,5422,,20,Y,,3.00,,1
S0438,RTO13,TAE40122,SIRXCEG007,5422,,20,Y,,,,1
S0439,RTO06,TAE40122,MEM50006B,5276,,20,,,1.80,Y,1
S0439,RTO06,TAE40122,SIRXCEG007,5276,,30,,,,Y,1
S0439,RTO06,TAE40122,RUHHRT402A,5276,,51,,,3.00,Y,1
S0439,RTO06,TAE40122,THHSCAT03B,5276,,20,,,3.00,Y,1
S0440,RTO06,TAE40122,SIRXCEG007,5011,,20,,,,,1
S0440,RTO06,TAE40122,RUHHRT402A,5011,,20,,,1.80,,1
S0440,RTO06,TAE40122,ICPCF235C,5011,,20,,,,,1
S0440,RTO06,TAE40122,ACMWHS501A,5011,,30,,,,,1
S0441,RTO12,TAE40122,MEM50006B,5019,,20,,,1.80,,1
S0441,RTO12,TAE40122,THHSCAT03B,5019,,20,,,3.00,,1
S0441,RTO12,TAE40122,RUHHRT402A,5019,,20,,,,,1
S0441,RTO12,TAE40122,ICPCF235C,5019,,20,,,,,1
S0442,RTO12,TAE50122,MEA394A,5874,,20,Y,,3.00,Y,1
S0442,RTO12,TAE50122,LMTML2002A,5874,,20,Y,,3.00,Y,1
S0442,RTO12,TAE50122,NRBX,5874,,20,Y,,3.00,Y,1
S0442,RTO12,TAE50122,TLILIC4011A,5874,,20,Y,,3.00,Y,1
S0443,RTO01,TAE50122,FSKRDG05,5440,,20,Y,,,Y,1
S0443,RTO01,TAE50122,TLILIC4011A,5440,,20,Y,,,Y,1
S0443,RTO01,TAE50122,MEA394A,5440,,20,Y,,,Y,1
S0443,RTO01,TAE50122,CSCOFM017,5440,,20,Y,,,Y,1
S0444,RTO12,TAE50122,TLILIC4011A,5322,,20,,,3.00,Y,1
S0444,RTO12,TAE50122,FSKRDG05,5322,,20,,,1.80,Y,1
S0444,RTO12,TAE50122,CSCOFM017,5322,,20,,,1.80,Y,1
S0444,RTO12,TAE50122,LMTML2002A,5322,,20,,,3.00,Y,1
S0445,RTO01,TAE50122,FSKRDG05,5700,,20,,,,Y,1
S0445,RTO01,TAE50122,MEA394A,5700,,30,,,,Y,1
S0445,RTO01,TAE50122,CSCOFM017,5700,,20,,,,Y,1
S0445,RTO01,TAE50122,TLILIC4011A,5700,,20,,,1.80,Y,1
S0446,RTO11,TAE50122,LMTML2002A,5246,,20,Y,,3.00,Y,1
S0446,RTO11,TAE50122,NRBX,5246,,20,Y,,1.80,Y,1
S0446,RTO11,TAE50122,CSCOFM017,5246,,30,Y,,,Y,1
S0446,RTO11,TAE50122,FSKRDG05,5246,,20,Y,,,Y,1
S0447,RTO12,TAE50122,FSKRDG05,5265,,20,,,1.80,Y,1
S0447,RTO12,TAE50122,LMTML2002A,5265,,20,,,1.80,Y,1
S0447,RTO12,TAE50122,MEA394A,5265,,20,,,,Y,1
S0447,RTO12,TAE50122,CSCOFM017,5265,,20,,,,Y,1
S0448,RTO13,TAESS00031,PMBFIN202,5204,,20,Y,,3.00,Y,1
S0448,RTO13,TAESS00031,NWPTRT043,5204,,20,Y,,,Y,1
S0448,RTO13,TAESS00031,MTMP3039B,5204,,20,Y,,,Y,1
S0448,RTO13,TAESS00031,CUESCE3A,5204,,20,Y,,3.00,Y,1
S0449,RTO13,TAESS00031,FDFCORQA3A,5732,,30,Y,,,,1
S0449,RTO13,TAESS00031,PMBFIN202,5732,,20,Y,,,,1
S0449,RTO13,TAESS00031,NWPTRT043,5732,,30,Y,,,,1
S0449,RTO13,TAESS00031,AMPA2075,5732,,20,Y,,,,1
S0450,RTO13,TAESS00031,FDFCORQA3A,5460,,20,,,,Y,1
S0450,RTO13,TAESS00031,AMPA2075,5460,,20,,,,Y,1
S0450,RTO13,TAESS00031,PMBFIN202,5460,,20,,,3.00,Y,1
S0450,RTO13,TAESS00031,CUESCE3A,5460,,20,,,3.00,Y,1
S0451,RTO04,TAESS00031,MTMP3039B,5171,,20,Y,,,Y,1
S0451,RTO04,TAESS00031,NWPTRT043,5171,,30,Y,,,Y,1
S0451,RTO04,TAESS00031,FDFCORQA3A,5171,,20,Y,,1.80,Y,1
S0451,RTO04,TAESS00031,PMBFIN202,5171,,20,Y,,3.00,Y,1
S0452,RTO03,UEE40420,UEENEEJ178A,5031,,20,Y,,3.00,,1
S0452,RTO03,UEE40420,PMAOMIR444,5031,,20,Y,,3.00,,1
S0452,RTO03,UEE40420,SROYSA005B,5031,,20,Y,,3.00,,1
S0452,RTO03,UEE40420,ICAB5230B,5031,,20,Y,,1.80,,1
S0453,RTO03,UEE40420,UETTDRCJ29A,5342,,20,Y,,,Y,1
S0453,RTO03,UEE40420,PMAOMIR444,5342,,51,Y,,3.00,Y,1
S0453,RTO03,UEE40420,ICAB5230B,5342,,30,Y,,,Y,1
S0453,RTO03,UEE40420,SROYSA005B,5342,,20,Y,,3.00,Y,1
S0454,RTO03,UEE40420,UEENEEJ178A,5642,,51,,,3.00,,1
S0454,RTO03,UEE40420,UETTDRCJ29A,5642,,51,,,1.80,,1
S0454,RTO03,UEE40420,SROYSA005B,5642,,20,,,1.80,,1
S0454,RTO03,UEE40420,ICAB5230B,5642,,20,,,,,1
