course_code,unit_code
22603VIC,WRH17A
22603VIC,PUAEMR010B
22603VIC,UTPNEG070A
22603VIC,CPCPCM2028A
22603VIC,PSPPROC605A
22603VIC,FNSASIC305
22603VIC,AHCIRG503A
22603VIC,CUFPPM404A
AMP30116,AVIF3005
AMP30116,ICPPP328A
AMP30116,TDTA5504A
AMP30116,AHCORG403
AMP30116,CPPSEC3016A
AMP30116,SITXLAN307A
AMP30116,UTPNEG249A
AMP30116,LMFFL3605A
AUR20520,LMTPDGN01A
AUR20520,AVIB3004B
AUR20520,MTMPS5608C
AUR20520,UEENEEH025A
AUR20520,NPBA
AUR20520,HLTAYV414D
AUR20520,SFISHIP209A
AUR20520,BSBUN404A
CHC22015,MSS015031
CHC22015,ACMGAS303
CHC22015,HLTNA3A
CHC22015,FPIM3018A
CHC22015,SISXIND002
CHC22015,MEM04005B
CHC22015,MNQGEN404A
CHC22015,RIIMPO316D
CHC40321,PMLTEST400A
CHC40321,RIICWD537A
CHC40321,AVI3E308B
CHC40321,RIIEGS202B
CHC40321,ACMEQU402A
CHC40321,AURLTJ2001
CHC40321,CHCAD4A
CHC40321,LMFKB4004A
CHC50121,MEM18.38AA
CHC50121,SRCCRD007B
CHC50121,RTF3032A
CHC50121,UTGNGS201A
CHC50121,PRSSO201A
CHC50121,MTMP3117A
CHC50121,SRXCOM002A
CHC50121,FNSICORG401A
CHCSS00133,CUFDIG301A
CHCSS00133,PMBTECH508A
CHCSS00133,CUAPRF501
CHCSS00133,CHCCS607E
CHCSS00133,MSMPER400
CHCSS00133,BCCPO3021B
CHCSS00133,UEENEEG045B
CHCSS00133,MEM07006B
FSK20119,CUVADM02A
FSK20119,MSS017013
FSK20119,RIIENV501A
FSK20119,ICTNPL6046A
FSK20119,FNSRTS304
FSK20119,ICAITI090A
FSK20119,TDAA103A
FSK20119,FNSICORG511A
HLTSS00083,ICTCBL2017A
HLTSS00083,ICPPRP421
HLTSS00083,MEM09141A
HLTSS00083,TLIB3123
HLTSS00083,AVIW3021
HLTSS00083,PSPGOV601A
HLTSS00083,UETTDRSB15A
HLTSS00083,MEM08013B
ICT30120,AVIO0011
ICT30120,AUM6003A
ICT30120,UEGNSG204A
ICT30120,MEM22005A
ICT30120,DRTOG13B
ICT30120,AURTTZ002
ICT30120,CUVPHI514A
ICT30120,UEENEEH178A
MEM50222,AUM8083B
MEM50222,TLIB2007A
MEM50222,ICAD4190B
MEM50222,HLTDT8A
MEM50222,FDFOP3003A
MEM50222,ICAITSP036A
MEM50222,UTENES202BB
MEM50222,HLTDT18A
RGR40118,SRSMAR007A
RGR40118,SRXTEM004A
RGR40118,SRSRGL006A
RGR40118,CUSMPF304A
RGR40118,BCG3062A
RGR40118,TDTB1198B
RGR40118,MTMP414A
RGR40118,TDTW201A
RII50520,UTLNLS101A
RII50520,FWPHAR3213
RII50520,AUM3026A
RII50520,MEM11.4AA
RII50520,TLIB2029
RII50520,TLID4007C
RII50520,UETTDRCJ05A
RII50520,TLII707D
SSDIS01008,ICTTEN6172A
SSDIS01008,PMC557093A
SSDIS01008,SWELDT001
SSDIS01008,BSBATSIL510
SSDIS01008,RIICWD510A
SSDIS01008,SFIAQUA401A
SSDIS01008,HLTMT3A
SSDIS01008,PMCSUP283A
SSDIS01014,MNCP1009A
SSDIS01014,MEM18096A
SSDIS01014,THCGHS04B
SSDIS01014,ICAB4075A
SSDIS01014,CPCPPS5001B
SSDIS01014,CPPSEC2026A
SSDIS01014,ICPMM263A
SSDIS01014,UTGNGS316B
