course_code,completion_rate,employment_rate,priority_weight
11368NAT,0.64,0.67,1
ACM20121,0.7,0.82,3
AHC30122,0.73,0.44,3
AHC30624,0.46,0.62,2
AHC30722,0.73,0.65,5
AHC31424,0.6,0.7,3
AHC40422,0.7,0.89,1
AHC41316,0.67,0.89,1
AMP30216,0.75,0.46,5
AMP30322,0.72,0.79,1
AMP40522,0.45,0.41,1
AUR40226,0.84,0.57,5
AURSS00064,0.49,0.49,2
CHC30125,0.7,0.85,2
CHC32015,0.67,0.75,5
CHC40221,0.84,0.66,1
CHC40225,0.83,0.41,1
CHC42021,0.54,0.81,2
CHC52021,0.39,0.69,2
CHC52025,0.44,0.63,3
CHC53315,0.43,0.53,3
CHCSS00069,0.62,0.8,5
CHCSS00129,0.55,0.67,2
CHCSS00130,0.47,0.73,1
CHCSS00131,0.66,0.74,3
CHCSS00147,0.51,0.86,1
CPC30320,0.49,0.89,1
CPC40920,0.67,0.8,5
CUA31020,0.76,0.49,5
CUA40120,0.37,0.63,2
CUA50420,0.62,0.42,5
CUA51020,0.85,0.89,2
CUA51120,0.85,0.55,1
CUA60620,0.54,0.47,2
FBPSS00002,0.49,0.76,1
FWP30122,0.47,0.62,2
HLT37315,0.75,0.63,2
HLT43021,0.4,0.6,1
HLT47321,0.76,0.52,1
HLTSS00066,0.53,0.43,1
ICTSS00109,0.41,0.82,2
MAR10424,0.81,0.63,5
MAR30924,0.55,0.81,3
MEA20418,0.73,0.52,1
MEM50822,0.43,0.64,2
PSP20218,0.77,0.83,1
PSP40616,0.62,0.53,1
PSP40818,0.46,0.44,3
PSP51018,0.57,0.66,2
RGR20221,0.6,0.51,2
SHB30121,0.73,0.77,3
SHB50121,0.38,0.89,2
SIT40521,0.67,0.8,2
SSDIS01001,0.62,0.76,5
SSDIS01011,0.77,0.55,5
SSDIS01016,0.74,0.56,5
TAE40122,0.44,0.61,1
TAE50122,0.37,0.49,5
TAESS00031,0.59,0.56,5
UEE40420,0.65,0.48,5
22603VIC,0.38,0.85,5
AMP30116,0.45,0.78,1
AUR20520,0.73,0.71,1
CHC22015,0.44,0.69,2
CHC40321,0.69,0.54,1
CHC50121,0.82,0.82,5
CHCSS00133,0.82,0.87,2
FSK20119,0.76,0.52,2
HLTSS00083,0.56,0.74,2
ICT30120,0.51,0.7,1
MEM50222,0.46,0.54,2
RGR40118,0.78,0.79,1
RII50520,0.36,0.68,1
SSDIS01008,0.46,0.62,1
SSDIS01014,0.73,0.75,1
