course_code,title,list,section,rto_limit,limit_group
11368NAT,Certificate III in Heritage Trade Skills,TPL,demand,,
11410NAT,Certificate II in Plumbing Pathways,TPL,demand,,
22603VIC,Certificate IV in Cyber Security,TPL,demand,,
ACM20121,Certificate II in Animal Care,TPL,demand,,
AHC20422,Certificate II in Horticulture,TPL,demand,,
AHC21325,Certificate II in Shearing,TPL,demand,,
AHC21425,Certificate II in Wool Handling,TPL,demand,,
AHC30122,Certificate III in Agriculture,TPL,demand,,
AHC30624,Certificate III in Production Horticulture,TPL,demand,,
AHC30722,Certificate III in Horticulture,TPL,demand,,
AHC31424,Certificate III in Conservation and Ecosystem Management,TPL,demand,,
AHC32822,Certificate III in Rural Operations,TPL,demand,,
AHC32925,Certificate III in Shearing,TPL,demand,,
AHC33025,Certificate III in Wool Clip Preparation,TPL,demand,,
AHC40122,Certificate IV in Agriculture,TPL,demand,,
AHC40422,Certificate IV in Horticulture,TPL,demand,,
AHC41316,Certificate IV in Wool Classing,TPL,demand,,
AHC41325,Certificate IV in Wool Classing,TPL,demand,,
AHC50122,Diploma of Agriculture,TPL,demand,,
AHC51422,Diploma of Agribusiness Management,TPL,demand,,
AHCSS00192,Introduction to the Wool Harvesting Industry Skill Set,TPL,demand,,
AHCSS00193,Production Horticulture Technology Skill Set,TPL,demand,,
AMP30116,Certificate III in Meat Processing (Boning Room),TPL,demand,,
AMP30216,Certificate III in Meat Processing (Food Services),TPL,demand,,
AMP30322,Certificate III in Meat Safety Inspection,TPL,demand,,
AMP30516,Certificate III in Meat Processing (Slaughtering),TPL,demand,,
AMP30622,Certificate III in Meat Processing,TPL,demand,,
AMP30916,Certificate III in Meat Processing (Smallgoods - General),TPL,demand,,
AMP40222,Certificate IV in Meat Processing,TPL,demand,,
AMP40522,Certificate IV in Meat Safety Inspection,TPL,demand,,
AUR20520,Certificate II in Automotive Servicing Technology,TPL,demand,,
AUR40216,Certificate IV in Automotive Mechanical Diagnosis,TPL,demand,,
AUR40226,Certificate IV in Automotive Mechanical Diagnosis,TPL,demand,,
CHC22015,Certificate II in Community Services,TPL,demand,,
CHC30121,Certificate III in Early Childhood Education and Care,TPL,demand,,
CHC30125,Certificate III in Early Childhood Education and Care,TPL,demand,,
CHC40221,Certificate IV in School Based Education Support,TPL,demand,,
CHC40225,Certificate IV in School Based Education Support,TPL,demand,,
CHC40321,"Certificate IV in Child, Youth and Family Intervention",TPL,demand,,
CHC40421,Certificate IV in Youth Work,TPL,demand,,
CHC42021,Certificate IV in Community Services,TPL,demand,,
CHC43215,Certificate IV in Alcohol and Other Drugs,TPL,demand,,
CHC43315,Certificate IV in Mental Health,TPL,demand,,
CHC43415,Certificate IV in Leisure and Health,TPL,demand,,
CHC43515,Certificate IV in Mental Health Peer Work,TPL,demand,,
CHC50121,Diploma of Early Childhood Education and Care,TPL,demand,,
CHC50125,Diploma of Early Childhood Education and Care,TPL,demand,,
CHC52021,Diploma of Community Services,TPL,demand,,
CHC52025,Diploma of Community Services,TPL,demand,,
CHC52121,Diploma of Community Development,TPL,demand,,
CHC53315,Diploma of Mental Health,TPL,demand,,
CHC62015,Advanced Diploma of Community Sector Management,TPL,demand,,
CHCSS00069,Advocacy Skill Set,TPL,demand,,
CHCSS00088,Induction,TPL,demand,,
CHCSS00102,Mental Health Co-existing Needs Skill Set,TPL,demand,,
CHCSS00103,Mental Health Peer Work Skill Set,TPL,demand,,
CHCSS00108,Career Development Skill Set,TPL,demand,,
CHCSS00124,Disability Work - Behaviour Support,TPL,demand,,
CHCSS00131,Individual Support - Home and Community (Ageing),TPL,demand,,
CHCSS00133,Induction to Disability Support,TPL,demand,,
CPC20120,Certificate II in Construction,TPL,demand,,
CPC30320,Certificate III in Concreting,TPL,demand,,
CPC40320,Certificate IV in Building Project Support,TPL,demand,,
CPC40920,Certificate IV in Plumbing and Services,TPL,demand,,
CPC50220,Diploma of Building and Construction (Building),TPL,demand,,
CUA31020,Certificate III in Screen and Media,TPL,demand,,
CUA50420,Diploma of Live Production and Technical Services,TPL,demand,,
CUA50425,Diploma of Live Production and Technical Services,TPL,demand,,
CUA50820,Diploma of Music,TPL,demand,,
CUA50825,Diploma of Music,TPL,demand,,
CUA60620,Advanced Diploma of Screen and Media,TPL,demand,,
FBP30121,Certificate III in Food Processing,TPL,demand,,
FBPSS00002,Bread baking for pastry cooks skill set,TPL,demand,,
FBPSS00003,Cake and pastry baking for bread bakers skill set,TPL,demand,,
FSK10119,Certificate I in Access to Vocational Pathways,TPL,demand,,
FSK10219,Certificate I in Skills for Vocational Pathways,TPL,demand,,
FSK20119,Certificate II in Skills for Work and Vocational Pathways,TPL,demand,,
FWP30122,Certificate III in Forest Operations,TPL,demand,,
HLT33021,Certificate III in Allied Health Assistance,TPL,demand,,
HLT37015,Certificate III in Sterilisation Services,TPL,demand,,
HLT37215,Certificate III in Pathology Collection,TPL,demand,,
HLT37315,Certificate III in Health Administration,TPL,demand,,
HLT37525,Certificate III in Pathology,TPL,demand,,
HLT43021,Certificate IV in Allied Health Assistance,TPL,demand,,
HLT47321,Certificate IV in Health Administration,TPL,demand,,
HLT47515,Certificate IV in Operating Theatre Technical Support,TPL,demand,,
HLT54121,Diploma of Nursing,TPL,demand,,
HLT57715,Diploma of Practice Management,TPL,demand,,
HLT64121,Advanced Diploma of Nursing,TPL,demand,,
HLTSS00065,Infection control Skill Set (Retail),TPL,demand,,
HLTSS00066,Infection control Skill Set (Food Handling),TPL,demand,,
HLTSS00083,Infection Prevention and Control Skill Set,TPL,demand,,
ICT30120,Certificate III in Information Technology,TPL,demand,,
ICT40120,Certificate IV in Information Technology,TPL,demand,,
ICT41219,Certificate IV in Telecommunications Engineering Technology,TPL,demand,,
ICT50220,Diploma of Information Technology,TPL,demand,,
ICT60220,Advanced Diploma of Information Technology,TPL,demand,,
ICTSS00109,Entry to Tech Skill Set,TPL,demand,,
MAR20324,Certificate II in Maritime Operations (Coxswain Grade 1 Near Coastal),TPL,demand,,
MAR20424,Certificate II in Maritime Operations (Marine Engine Driver Grade 3 Near Coastal),TPL,demand,,
MAR30824,Certificate III in Maritime Operations (Marine Engine Driver Grade 2 Near Coastal),TPL,demand,,
MAR30924,Certificate III in Maritime Operations,TPL,demand,,
MAR40324,Certificate IV in Maritime Operations (Master up to 45 metres Near Coastal),TPL,demand,,
MARSS00008,Shipboard Safety Skill Set,TPL,demand,,
MARSS00010,Marine Radio Operator's VHF and HF Skill Set,TPL,demand,,
MEM20422,Certificate II in Engineering Pathways,TPL,demand,,
MEM50222,Diploma of Engineering - Technical,TPL,demand,,
MEM50822,Diploma of Applied Technologies,TPL,demand,,
MSL30122,Certificate III in Laboratory Skills,TPL,demand,,
MSL40122,Certificate IV in Laboratory Techniques,TPL,demand,,
MSL50122,Diploma of Laboratory Technology,TPL,demand,,
PMA40116,Certificate IV in Process Plant Technology,TPL,demand,,
PSP20218,Certificate II in Auslan,TPL,demand,,
PSP30218,Certificate III in Auslan,TPL,demand,,
PSP40616,Certificate IV in Procurement and Contracting,TPL,demand,,
PSP40818,Certificate IV in Auslan,TPL,demand,,
PSP50616,Diploma of Procurement and Contracting,TPL,demand,,
PSP50922,Diploma of Interpreting,TPL,demand,,
PSP51018,Diploma of Auslan,TPL,demand,,
RGR20221,Certificate II in Racing Industry,TPL,demand,,
RGR40118,Certificate IV in Racing (Racehorse Trainer),TPL,demand,,
RII20120,Certificate II in Resources and Infrastructure Work Preparation,TPL,demand,,
RII30719,Certificate III in Emergency Response and Rescue,TPL,demand,,
RII50520,Diploma of Civil Construction Design,TPL,demand,,
SHB20216,Certificate II in Salon Assistant,TPL,demand,,
SHB30121,Certificate III in Beauty Services,TPL,demand,,
SIR40116,Certificate IV in Community Pharmacy,TPL,demand,,
SIT31021,Certificate III in Patisserie,TPL,demand,,
SIT50422,Diploma of Hospitality Management,TPL,demand,,
SSDIS01001,"Ready, Set, Go Employability Skills Skill Set",TPL,demand,,
SSDIS01002,Preparing to Work in Community Services and Health Skill Set,TPL,demand,,
SSDIS01006,Get Ready for Cleaning Skill Set,TPL,demand,,
SSDIS01007,Basic Skills for the Food Industry Skill Set,TPL,demand,,
SSDIS01008,Introduction to Construction Skill Set,TPL,demand,,
SSDIS01010,Introduction to Civil Construction Skill Set,TPL,demand,,
SSDIS01011,Basic Welding Skills Skill Set,TPL,demand,,
SSDIS01014,Basic Skills for Retail Skill Set,TPL,demand,,
SSDIS01016,Introduction to Early Childhood - Care Practices Skill Set,TPL,demand,,
TAE40122,Certificate IV in Training and Assessment,TPL,demand,,
TAE50122,Diploma of Vocational Education and Training,TPL,demand,,
TAESS00017,Workplace Supervisor Skill Set,TPL,demand,,
TAESS00026,Foundation Skills Integration Skill Set,TPL,demand,,
TAESS00031,Design and Deliver E-Learning Skill Set,TPL,demand,,
UEE22020,Certificate II in Electrotechnology (Career Start),TPL,demand,,
UEE22025,Certificate II in Electrotechnology (Career Start),TPL,demand,,
UEE40420,Certificate IV in Electrical - Instrumentation,TPL,demand,,
UEE40620,Certificate IV in Electrotechnology - Systems Electrician,TPL,demand,,
UEE50420,Diploma of Electrical Engineering,TPL,demand,,
UEE60220,Advanced Diploma of Electronics and Communications Engineering,TPL,demand,,
UEE62122,Advanced Diploma of Engineering Technology - Electrical,TPL,demand,,
AHC31824,Certificate III in Beekeeping,TPL,managed,30,AHC31824
AHC42021,Certificate IV in Landscape Construction Management,TPL,managed,5,AHC42021
AHC51024,Diploma of Sports Turf Management,TPL,managed,5,AHC51024
AHC52021,Diploma of Landscape Construction Management,TPL,managed,5,AHC52021
AURSS00037,Hybrid Electric Vehicle Inspection and Servicing Skill Set,TPL,managed,50,AURSS00037
AURSS00064,Battery Electric Vehicle Inspection and Servicing Skill Set,TPL,managed,50,AURSS00064
CHC32015,Certificate III in Community Services,TPL,managed,50,CHC32015
CHC43015,Certificate IV in Ageing Support,TPL,managed,50,CHC43015
CHC43121,Certificate IV in Disability Support,TPL,managed,50,CHC43121
CHCSS00070,Assist Clients with Medication Skill Set,TPL,managed,25,CHCSS00070
CHCSS00079,Homelessness Support Work,TPL,managed,20,CHCSS00079
CHCSS00092,Alcohol and Other Drugs Co-existing Needs Skill Set,TPL,managed,20,CHCSS00092
CHCSS00093,Alcohol and Other Drugs Skill Set,TPL,managed,30,CHCSS00093
CHCSS00114,Entry into Care Roles Skill Set,TPL,managed,70,CHCSS00114
CHCSS00129,Individual Support - Ageing,TPL,managed,50,CHCSS00129
CHCSS00130,Individual Support - Disability,TPL,managed,50,CHCSS00130
CHCSS00147,Entry to Diploma of Early Childhood Education and Care,TPL,managed,10,CHCSS00147
CPC40120,Certificate IV in Building and Construction,TPL,managed,150,CPC40120
CUA40120,Certificate IV in Dance,TPL,managed,20,CUA40120
CUA51020,Diploma of Screen and Media,TPL,managed,75,CUA51020
CUA51120,Diploma of Visual Arts,TPL,managed,10,CUA51120
CUA51125,Diploma of Visual Arts,TPL,managed,10,CUA51120
HLT33115,Certificate III in Health Services Assistance,TPL,managed,10,HLT33115
HLT37121,Certificate III in Hospital or Health Services Pharmacy Support,TPL,managed,10,HLT37121
HLT47121,Certificate IV in Hospital or Health Services Pharmacy Support,TPL,managed,10,HLT47121
HLTSS00061,Food safety supervision skill set - for community services and health industries,TPL,managed,100,HLTSS00061
MAR10224,Certificate I in Maritime Operations (General Purpose Hand Near Coastal),TPL,managed,50,MAR10224
MAR10424,Certificate I in Maritime Operations (Coxswain Grade 2 Near Coastal),TPL,managed,30,MAR10424
MEA20418,Certificate II in Aeroskills,TPL,managed,25,MEA20418
SHB50121,Diploma of Beauty Therapy,TPL,managed,50,SHB50121
SIT20421,Certificate II in Cookery,TPL,managed,15,SIT20421
SIT40521,Certificate IV in Kitchen Management,TPL,managed,10,SIT40521
SSDIS01018,Health Support Skill Set,TPL,managed,10,SSDIS01018
22603VIC,Certificate IV in Cyber Security,STAL,demand,,
ACM20121,Certificate II in Animal Care,STAL,demand,,
ACM30122,Certificate III in Animal Care Services,STAL,demand,,
ACM40418,Certificate IV in Veterinary Nursing,STAL,demand,,
ACM40818,Certificate IV in Farriery,STAL,demand,,
AHC20122,Certificate II in Agriculture,STAL,demand,,
AHC20324,Certificate II in Production Horticulture,STAL,demand,,
AHC20422,Certificate II in Horticulture,STAL,demand,,
AHC20520,Certificate II in Arboriculture,STAL,demand,,
AHC20624,Certificate II in Parks and Gardens,STAL,demand,,
AHC20724,Certificate II in Nursery Operations,STAL,demand,,
AHC20919,Certificate II in Sports Turf Management,STAL,demand,,
AHC21024,Certificate II in Conservation and Ecosystem Management,STAL,demand,,
AHC21124,Certificate II in Irrigation,STAL,demand,,
AHC21216,Certificate II in Rural Operations,STAL,demand,,
AHC21325,Certificate II in Shearing,STAL,demand,,
AHC21425,Certificate II in Wool Handling,STAL,demand,,
AHC21624,Certificate II in Landscaping,STAL,demand,,
AHC30122,Certificate III in Agriculture,STAL,demand,,
AHC30224,Certificate III in Dairy Production,STAL,demand,,
AHC30324,Certificate III in Rural and Environmental Pest Management,STAL,demand,,
AHC30422,Certificate III in Pork Production,STAL,demand,,
AHC30522,Certificate III in Poultry Production,STAL,demand,,
AHC30624,Certificate III in Production Horticulture,STAL,demand,,
AHC30722,Certificate III in Horticulture,STAL,demand,,
AHC30824,Certificate III in Arboriculture,STAL,demand,,
AHC30921,Certificate III in Landscape Construction,STAL,demand,,
AHC31024,Certificate III in Parks and Gardens,STAL,demand,,
AHC31124,Certificate III in Nursery Operations,STAL,demand,,
AHC31324,Certificate III in Sports Turf Management,STAL,demand,,
AHC31424,Certificate III in Conservation and Ecosystem Management,STAL,demand,,
AHC31824,Certificate III in Beekeeping,STAL,demand,,
AHC32424,Certificate III in Irrigation Technology,STAL,demand,,
AHC32822,Certificate III in Rural Operations,STAL,demand,,
AHC33025,Certificate III in Wool Clip Preparation,STAL,demand,,
AHC33125,Certificate III in Advanced Wool Handling,STAL,demand,,
AHC33325,Certificate III in Feedlot Operations,STAL,demand,,
AHC40122,Certificate IV in Agriculture,STAL,demand,,
AHC40324,Certificate IV in Production Horticulture,STAL,demand,,
AHC40422,Certificate IV in Horticulture,STAL,demand,,
AHC40624,Certificate IV in Nursery Operations,STAL,demand,,
AHC40924,Certificate IV in Conservation and Ecosystem Management,STAL,demand,,
AHC41024,Certificate IV in Agribusiness,STAL,demand,,
AHC41124,Certificate IV in Irrigation Management,STAL,demand,,
AHC41316,Certificate IV in Wool Classing,STAL,demand,,
AHC41325,Certificate IV in Wool Classing,STAL,demand,,
AHC50122,Diploma of Agriculture,STAL,demand,,
AHC50422,Diploma of Horticulture Management,STAL,demand,,
AHC50524,Diploma of Arboriculture,STAL,demand,,
AHC50621,Diploma of Landscape Design,STAL,demand,,
AHC51024,Diploma of Sports Turf Management,STAL,demand,,
AHC51120,Diploma of Conservation and Ecosystem Management,STAL,demand,,
AHC51324,Diploma of Pest Management,STAL,demand,,
AMP20316,Certificate II in Meat Processing (Abattoirs),STAL,demand,,
AMP30116,Certificate III in Meat Processing (Boning Room),STAL,demand,,
AMP30216,Certificate III in Meat Processing (Food Services),STAL,demand,,
AMP30322,Certificate III in Meat Safety Inspection,STAL,demand,,
AMP30421,Certificate III in Meat Processing (Rendering),STAL,demand,,
AMP30516,Certificate III in Meat Processing (Slaughtering),STAL,demand,,
AMP30622,Certificate III in Meat Processing,STAL,demand,,
AMP30815,Certificate III in Meat Processing (Retail Butcher),STAL,demand,,
AMP31016,Certificate III in Meat Processing (Smallgoods - Manufacture),STAL,demand,,
AUR20420,Certificate II in Automotive Electrical Technology,STAL,demand,,
AUR20520,Certificate II in Automotive Servicing Technology,STAL,demand,,
AUR20920,Certificate II in Automotive Body Repair Technology,STAL,demand,,
AUR21920,Certificate II in Automotive Tyre Servicing Technology,STAL,demand,,
AUR30116,Certificate III in Automotive Administration,STAL,demand,,
AUR30220,Certificate III in Bicycle Workshop Operations,STAL,demand,,
AUR30320,Certificate III in Automotive Electrical Technology,STAL,demand,,
AUR30420,Certificate III in Agricultural Mechanical Technology,STAL,demand,,
AUR30520,Certificate III in Marine Mechanical Technology,STAL,demand,,
AUR30620,Certificate III in Light Vehicle Mechanical Technology,STAL,demand,,
AUR30720,Certificate III in Outdoor Power Equipment Technology,STAL,demand,,
AUR30820,Certificate III in Motorcycle Mechanical Technology,STAL,demand,,
AUR31020,Certificate III in Automotive Sales,STAL,demand,,
AUR31120,Certificate III in Heavy Commercial Vehicle Mechanical Technology,STAL,demand,,
AUR31220,Certificate III in Mobile Plant Technology,STAL,demand,,
AUR31316,Certificate III in Automotive Engine Reconditioning,STAL,demand,,
AUR31420,Certificate III in Automotive Diesel Fuel Technology,STAL,demand,,
AUR31820,Certificate III in Heavy Commercial Trailer Technology,STAL,demand,,
AUR32120,Certificate III in Automotive Body Repair Technology,STAL,demand,,
AUR32220,Certificate III in Automotive Glazing Technology,STAL,demand,,
AUR32320,Certificate III in Automotive and Marine Trimming Technology,STAL,demand,,
AUR32420,Certificate III in Automotive Refinishing Technology,STAL,demand,,
AUR32518,Certificate III in Automotive Underbody Technology,STAL,demand,,
AVI30319,Certificate III in Aviation (Ground Operations and Service),STAL,demand,,
BSB50820,Diploma of Project Management,STAL,demand,,
CHC30121,Certificate III in Early Childhood Education and Care,STAL,demand,,
CHC30125,Certificate III in Early Childhood Education and Care,STAL,demand,,
CHC30221,Certificate III in School Based Education Support,STAL,demand,,
CHC32015,Certificate III in Community Services,STAL,demand,,
CHC40221,Certificate IV in School Based Education Support,STAL,demand,,
CHC40225,Certificate IV in School Based Education Support,STAL,demand,,
CHC40421,Certificate IV in Youth Work,STAL,demand,,
CHC41115,Certificate IV in Employment Services,STAL,demand,,
CHC42021,Certificate IV in Community Services,STAL,demand,,
CHC43015,Certificate IV in Ageing Support,STAL,demand,,
CHC43121,Certificate IV in Disability Support,STAL,demand,,
CHC43215,Certificate IV in Alcohol and Other Drugs,STAL,demand,,
CHC43315,Certificate IV in Mental Health,STAL,demand,,
CHC43415,Certificate IV in Leisure and Health,STAL,demand,,
CHC50121,Diploma of Early Childhood Education and Care,STAL,demand,,
CHC50125,Diploma of Early Childhood Education and Care,STAL,demand,,
CHC50221,Diploma of School Age Education and Care,STAL,demand,,
CHC50225,Diploma of School Age Education and Care,STAL,demand,,
CHC50421,Diploma of Youth Work,STAL,demand,,
CHC50425,Diploma of Youth Work,STAL,demand,,
CHC51015,Diploma of Counselling,STAL,demand,,
CHC51122,Diploma of Financial Counselling,STAL,demand,,
CHC52021,Diploma of Community Services,STAL,demand,,
CHC52025,Diploma of Community Services,STAL,demand,,
CHC62015,Advanced Diploma of Community Sector Management,STAL,demand,,
CPC20120,Certificate II in Construction,STAL,demand,,
CPC30216,Certificate III in Signs and Graphics,STAL,demand,,
CPC30220,Certificate III in Carpentry,STAL,demand,,
CPC30320,Certificate III in Concreting,STAL,demand,,
CPC30420,Certificate III in Demolition,STAL,demand,,
CPC30426,Certificate III in Demolition,STAL,demand,,
CPC30620,Certificate III in Painting and Decorating,STAL,demand,,
CPC30820,Certificate III in Roof Tiling,STAL,demand,,
CPC30920,Certificate III in Scaffolding,STAL,demand,,
CPC31020,Certificate III in Solid Plastering,STAL,demand,,
CPC31220,Certificate III in Wall and Ceiling Lining,STAL,demand,,
CPC31320,Certificate III in Wall and Floor Tiling,STAL,demand,,
CPC31920,Certificate III in Joinery,STAL,demand,,
CPC32320,Certificate III in Stonemasonry,STAL,demand,,
CPC32420,Certificate III in Plumbing,STAL,demand,,
CPC32620,Certificate III in Roof Plumbing,STAL,demand,,
CPC32820,Certificate III in Fire Protection,STAL,demand,,
CPC33020,Certificate III in Bricklaying and Blocklaying,STAL,demand,,
CPC40120,Certificate IV in Building and Construction,STAL,demand,,
CPC40320,Certificate IV in Building Project Support,STAL,demand,,
CPP20521,Certificate II in Fire Protection Inspection and Testing,STAL,demand,,
CPP30119,Certificate III in Urban Pest Management,STAL,demand,,
CPP30321,Certificate III in Cleaning Operations,STAL,demand,,
CPP30519,Certificate III in Technical Security,STAL,demand,,
CPP30719,Certificate III in Waste Management,STAL,demand,,
CPP30821,Certificate III in Fire Protection Inspection and Testing,STAL,demand,,
CPP31519,Certificate III in Real Estate Practice,STAL,demand,,
CPP40421,Certificate IV in Cleaning,STAL,demand,,
CPP41419,Certificate IV in Real Estate Practice,STAL,demand,,
CPP41721,Certificate IV in Surveying and Spatial Information Services,STAL,demand,,
CUA20220,Certificate II in Creative Industries,STAL,demand,,
CUA20225,Certificate II in Creative Industries,STAL,demand,,
CUA20520,Certificate II in Information and Cultural Services,STAL,demand,,
CUA20525,Certificate II in Information and Cultural Services,STAL,demand,,
CUA30420,Certificate III in Live Production and Technical Services,STAL,demand,,
CUA30425,Certificate III in Live Production and Technical Services,STAL,demand,,
CUA30920,Certificate III in Music,STAL,demand,,
CUA31020,Certificate III in Screen and Media,STAL,demand,,
CUA40420,Certificate IV in Live Production and Technical Services,STAL,demand,,
CUA40425,Certificate IV in Live Production and Technical Services,STAL,demand,,
CUA40920,Certificate IV in Music,STAL,demand,,
CUA50820,Diploma of Music,STAL,demand,,
CUA50825,Diploma of Music,STAL,demand,,
FBP20521,Certificate II in Wine Industry Operations,STAL,demand,,
FBP30121,Certificate III in Food Processing,STAL,demand,,
FBP30321,Certificate III in Cake and Pastry,STAL,demand,,
FBP30421,Certificate III in Bread Baking,STAL,demand,,
FBP30521,Certificate III in Baking,STAL,demand,,
FBP30921,Certificate III in Wine Industry Operations,STAL,demand,,
FBP31121,Certificate III in High Volume Baking,STAL,demand,,
FNS30122,Certificate III in Financial Services,STAL,demand,,
FNS30322,Certificate III in Accounts Administration,STAL,demand,,
FNS41422,Certificate IV in General Insurance,STAL,demand,,
FWP20322,Certificate II in Timber and Wood Products Operations,STAL,demand,,
FWP30122,Certificate III in Forest Operations,STAL,demand,,
FWP30322,Certificate III in Timber and Wood Products Operations,STAL,demand,,
FWP30622,Certificate III in Timber Building Products Supply,STAL,demand,,
FWP30920,Certificate III in Timber Frame or Truss Manufacture,STAL,demand,,
FWP31021,Certificate III in Saw Technology,STAL,demand,,
FWP31121,Certificate III in Wood Machining,STAL,demand,,
FWP31220,Certificate III in Timber Systems Design,STAL,demand,,
HLT20121,Certificate II in Aboriginal and/or Torres Strait Islander Primary Health Care,STAL,demand,,
HLT30121,Certificate III in Aboriginal and/or Torres Strait Islander Primary Health Care,STAL,demand,,
HLT33021,Certificate III in Allied Health Assistance,STAL,demand,,
HLT33115,Certificate III in Health Services Assistance,STAL,demand,,
HLT35021,Certificate III in Dental Assisting,STAL,demand,,
HLT37015,Certificate III in Sterilisation Services,STAL,demand,,
HLT37215,Certificate III in Pathology Collection,STAL,demand,,
HLT37315,Certificate III in Health Administration,STAL,demand,,
HLT37525,Certificate III in Pathology,STAL,demand,,
HLT40121,Certificate IV in Aboriginal and/or Torres Strait Islander Primary Health Care,STAL,demand,,
HLT40221,Certificate IV in Aboriginal and/or Torres Strait Islander Primary Health Care Practice,STAL,demand,,
HLT43021,Certificate IV in Allied Health Assistance,STAL,demand,,
HLT45021,Certificate IV in Dental Assisting,STAL,demand,,
HLT47015,Certificate IV in Sterilisation Services,STAL,demand,,
HLT47321,Certificate IV in Health Administration,STAL,demand,,
HLT47815,Certificate IV in Optical Dispensing,STAL,demand,,
HLT54121,Diploma of Nursing,STAL,demand,,
HLT57715,Diploma of Practice Management,STAL,demand,,
ICP20120,Certificate II in Printing and Graphic Arts,STAL,demand,,
ICP31220,Certificate III in Printing,STAL,demand,,
ICP31320,"Certificate III in Print Binding, Finishing and Packaging",STAL,demand,,
ICP31420,Certificate III in Prepress Graphic Design Production,STAL,demand,,
ICT20120,Certificate II in Applied Digital Technologies,STAL,demand,,
ICT30120,Certificate III in Information Technology,STAL,demand,,
ICT30524,Certificate III in Telecommunications Technology,STAL,demand,,
ICT40120,Certificate IV in Information Technology,STAL,demand,,
ICT41219,Certificate IV in Telecommunications Engineering Technology,STAL,demand,,
ICT50220,Diploma of Information Technology,STAL,demand,,
ICT60220,Advanced Diploma of Information Technology,STAL,demand,,
LGA30120,Certificate III in Local Government,STAL,demand,,
LGA40120,Certificate IV in Local Government,STAL,demand,,
LGA50120,Diploma of Local Government,STAL,demand,,
MAR30824,Certificate III in Maritime Operations (Marine Engine Driver Grade 2 Near Coastal),STAL,demand,,
MAR30924,Certificate III in Maritime Operations,STAL,demand,,
MEA20418,Certificate II in Aeroskills,STAL,demand,,
MEA30118,Certificate III in Aircraft Surface Finishing,STAL,demand,,
MEA40618,Certificate IV in Aeroskills (Avionics),STAL,demand,,
MEA40718,Certificate IV in Aeroskills (Mechanical),STAL,demand,,
MEA41322,Certificate IV in Aeroskills (Structures),STAL,demand,,
MEA50118,Diploma of Aeroskills (Avionics),STAL,demand,,
MEA50219,Diploma of Aeroskills (Mechanical),STAL,demand,,
MEM20105,Certificate II in Engineering,STAL,demand,,
MEM30119,Certificate III in Engineering - Production Systems,STAL,demand,,
MEM30219,Certificate III in Engineering - Mechanical Trade,STAL,demand,,
MEM30522,Certificate III in Engineering - Technical,STAL,demand,,
MEM30619,Certificate III in Jewellery Manufacture,STAL,demand,,
MEM30719,Certificate III in Marine Craft Construction,STAL,demand,,
MEM30819,Certificate III in Locksmithing,STAL,demand,,
MEM31019,Certificate III in Watch and Clock Service and Repair,STAL,demand,,
MEM31322,Certificate III in Refrigeration and Air Conditioning,STAL,demand,,
MEM31419,Certificate III in Engineering - Fixed and Mobile Plant Mechanic,STAL,demand,,
MEM31519,Certificate III in Engineering - Toolmaking Trade,STAL,demand,,
MEM31719,Certificate III in Engineering - Casting and Moulding Trade,STAL,demand,,
MEM31922,Certificate III in Engineering - Fabrication Trade,STAL,demand,,
MEM31925,Certificate III in Engineering - Fabrication Trade,STAL,demand,,
MEM40119,Certificate IV in Engineering,STAL,demand,,
MEM50119,Diploma of Engineering - Advanced Trade,STAL,demand,,
MEM50222,Diploma of Engineering - Technical,STAL,demand,,
MEM50822,Diploma of Applied Technologies,STAL,demand,,
MSF30122,Certificate III in Furniture Finishing,STAL,demand,,
MSF30322,Certificate III in Cabinet Making and Timber Technology,STAL,demand,,
MSF30422,Certificate III in Glass and Glazing,STAL,demand,,
MSF30722,Certificate III in Upholstery,STAL,demand,,
MSF30822,Certificate III in Flooring Technology,STAL,demand,,
MSL30122,Certificate III in Laboratory Skills,STAL,demand,,
MSL40122,Certificate IV in Laboratory Techniques,STAL,demand,,
MSL50122,Diploma of Laboratory Technology,STAL,demand,,
MSL60122,Advanced Diploma of Laboratory Management,STAL,demand,,
MSM20116,Certificate II in Process Manufacturing,STAL,demand,,
MSM21122,Certificate II in Recreational Vehicle Trade Pathways,STAL,demand,,
MSM30116,Certificate III in Process Manufacturing,STAL,demand,,
MSM30216,Certificate III in Surface Preparation and Coating Application,STAL,demand,,
MSM31022,Certificate III in Recreational Vehicle Service and Repair,STAL,demand,,
MSM31122,Certificate III in Recreational Vehicle Manufacturing,STAL,demand,,
MSS40322,Certificate IV in Competitive Systems and Practices,STAL,demand,,
MST30519,Certificate III in Leather Production,STAL,demand,,
MST31022,"Certificate III in Apparel, Fashion and Textiles",STAL,demand,,
NWP20122,Certificate II in Water Industry Operations,STAL,demand,,
NWP30222,Certificate III in Water Industry Operations,STAL,demand,,
PMA30120,Certificate III in Process Plant Operations,STAL,demand,,
PMB30121,Certificate III in Polymer Processing,STAL,demand,,
RGR20221,Certificate II in Racing Industry,STAL,demand,,
RGR30218,Certificate III in Racing (Stablehand),STAL,demand,,
RGR30518,Certificate III in Racing (Trackwork Rider),STAL,demand,,
RGR30619,Certificate III in Horse Breeding,STAL,demand,,
RGR40118,Certificate IV in Racing (Racehorse Trainer),STAL,demand,,
RGR40221,Certificate IV in Racing (Jockey),STAL,demand,,
RGR40318,Certificate IV in Racing (Harness Race Driver),STAL,demand,,
RII20120,Certificate II in Resources and Infrastructure Work Preparation,STAL,demand,,
RII20220,Certificate II in Surface Extraction Operations,STAL,demand,,
RII20420,Certificate II in Underground Metalliferous Mining,STAL,demand,,
RII20720,Certificate II in Civil Construction,STAL,demand,,
RII20920,Certificate II in Drilling Operations,STAL,demand,,
RII30120,Certificate III in Surface Extraction Operations,STAL,demand,,
RII30320,Certificate III in Underground Metalliferous Mining,STAL,demand,,
RII30420,Certificate III in Resource Processing,STAL,demand,,
RII30820,Certificate III in Civil Construction Plant Operations,STAL,demand,,
RII30920,Certificate III in Civil Construction,STAL,demand,,
RII31820,Certificate III in Drilling Operations,STAL,demand,,
RII40120,Certificate IV in Surface Extraction Operations,STAL,demand,,
RII40720,Certificate IV in Civil Construction,STAL,demand,,
RII50120,Diploma of Surface Operations Management,STAL,demand,,
SFI20119,Certificate II in Aquaculture,STAL,demand,,
SFI20319,Certificate II in Seafood Post Harvest Operations,STAL,demand,,
SFI30119,Certificate III in Aquaculture,STAL,demand,,
SFI30319,Certificate III in Seafood Post Harvest Operations,STAL,demand,,
SFI30419,Certificate III in Fisheries Compliance,STAL,demand,,
SFI40219,Certificate IV in Seafood Post Harvest Operations,STAL,demand,,
SFL20115,Certificate II in Floristry (Assistant),STAL,demand,,
SFL20125,Certificate II in Floristry (Assistant),STAL,demand,,
SFL30115,Certificate III in Floristry,STAL,demand,,
SHB20216,Certificate II in Salon Assistant,STAL,demand,,
SHB30121,Certificate III in Beauty Services,STAL,demand,,
SHB30321,Certificate III in Nail Technology,STAL,demand,,
SHB30416,Certificate III in Hairdressing,STAL,demand,,
SHB30516,Certificate III in Barbering,STAL,demand,,
SHB40216,Certificate IV in Hairdressing,STAL,demand,,
SIR30116,Certificate III in Community Pharmacy,STAL,demand,,
SIR30316,Certificate III in Business to Business Sales,STAL,demand,,
SIR40116,Certificate IV in Community Pharmacy,STAL,demand,,
SIR40316,Certificate IV in Retail Management,STAL,demand,,
SIR50116,Diploma of Retail Leadership,STAL,demand,,
SIS30321,Certificate III in Fitness,STAL,demand,,
SIS30521,Certificate III in Sport Coaching,STAL,demand,,
SIS30619,Certificate III in Outdoor Leadership,STAL,demand,,
SIS40221,Certificate IV in Fitness,STAL,demand,,
SIS40421,Certificate IV in Sport Development,STAL,demand,,
SIT20421,Certificate II in Cookery,STAL,demand,,
SIT30122,Certificate III in Tourism,STAL,demand,,
SIT30125,Certificate III in Tourism,STAL,demand,,
SIT30222,Certificate III in Travel,STAL,demand,,
SIT30522,Certificate III in Events,STAL,demand,,
SIT30622,Certificate III in Hospitality,STAL,demand,,
SIT30821,Certificate III in Commercial Cookery,STAL,demand,,
SIT40122,Certificate IV in Travel and Tourism,STAL,demand,,
SIT40125,Certificate IV in Travel and Tourism,STAL,demand,,
SIT40422,Certificate IV in Hospitality,STAL,demand,,
TAE40122,Certificate IV in Training and Assessment,STAL,demand,,
TLI20421,Certificate II in Supply Chain Operations,STAL,demand,,
TLI22321,Certificate II in Rail Customer Service,STAL,demand,,
TLI30122,Certificate III in Mobile Crane Operations,STAL,demand,,
TLI30325,Certificate III in Supply Chain Operations,STAL,demand,,
TLI31222,Certificate III in Driving Operations,STAL,demand,,
TLI37122,Certificate III in Rail Infrastructure,STAL,demand,,
TLI40324,Certificate IV in Supply Chain Operations,STAL,demand,,
TLI40724,Certificate IV in Mobile Crane Operations,STAL,demand,,
TLI42622,Certificate IV in Train Driving,STAL,demand,,
TLI50224,Diploma of Logistics,STAL,demand,,
UEE20720,Certificate II in Data and Voice Communications,STAL,demand,,
UEE21920,Certificate II in Electronics,STAL,demand,,
UEE30220,Certificate III in Computer Systems Equipment,STAL,demand,,
UEE30225,Certificate III in Computer Systems Equipment,STAL,demand,,
UEE30420,Certificate III in Data and Voice Communications,STAL,demand,,
UEE30425,Certificate III in Data and Voice Communications,STAL,demand,,
UEE30620,Certificate III in Electrical Machine Repair,STAL,demand,,
UEE30625,Certificate III in Electrical Machine Repair,STAL,demand,,
UEE30820,Certificate III in Electrotechnology Electrician,STAL,demand,,
UEE30920,Certificate III in Electronics and Communications,STAL,demand,,
UEE31025,Certificate III in Fire Protection Control,STAL,demand,,
UEE31220,Certificate III in Instrumentation and Control,STAL,demand,,
UEE31225,Certificate III in Instrumentation and Control,STAL,demand,,
UEE32120,Certificate III in Appliance Service,STAL,demand,,
UEE32125,Certificate III in Appliance Service,STAL,demand,,
UEE32225,Certificate III in Air Conditioning and Refrigeration,STAL,demand,,
UEE40420,Certificate IV in Electrical - Instrumentation,STAL,demand,,
UEE41223,Certificate IV in Rail Signalling,STAL,demand,,
UEE50520,Diploma of Electronics and Communications Engineering,STAL,demand,,
UET30521,Certificate III in ESI - Transmission Overhead,STAL,demand,,
UET30621,Certificate III in ESI - Distribution Overhead,STAL,demand,,
UET30721,Certificate III in ESI - Rail Traction,STAL,demand,,
AHC42021,Certificate IV in Landscape Construction Management,STAL,managed,20,AHC42021
AHC52021,Diploma of Landscape Construction Management,STAL,managed,20,AHC52021
CUA41220,Certificate IV in Screen and Media,STAL,managed,15,CUA41220
CUA41225,Certificate IV in Screen and Media,STAL,managed,15,CUA41220
FNS40222,Certificate IV in Accounting and Bookkeeping,STAL,managed,15,FNS40222
FNS50222,Diploma of Accounting,STAL,managed,15,FNS50222
PSP40616,Certificate IV in Procurement and Contracting,STAL,managed,15,PSP40616
SIR30216,Certificate III in Retail,STAL,managed,50,SIR30216
SIS30122,"Certificate III in Sport, Aquatics and Recreation",STAL,managed,15,SIS30122
SIT40521,Certificate IV in Kitchen Management,STAL,managed,10,SIT40521
11410NAT,Certificate II in Plumbing Pathways,VSS,general,,
ACM20121,Certificate II in Animal Care,VSS,general,,
AHC20122,Certificate II in Agriculture,VSS,general,,
AHC20422,Certificate II in Horticulture,VSS,general,,
AHC30122,Certificate III in Agriculture,VSS,general,,
AHC32822,Certificate III in Rural Operations,VSS,general,,
AUR20520,Certificate II in Automotive Servicing Technology,VSS,general,,
AUR20720,Certificate II in Automotive Vocational Preparation,VSS,general,,
CHC22015,Certificate II in Community Services,VSS,general,,
CHC30121,Certificate III in Early Childhood Education and Care,VSS,general,,
CHC30125,Certificate III in Early Childhood Education and Care,VSS,general,,
CHC33021,Certificate III in Individual Support,VSS,general,,
CPC20220,Certificate II in Construction Pathways,VSS,general,,
CUA31020,Certificate III in Screen and Media,VSS,general,,
FBP20122,Certificate II in Food Processing,VSS,general,,
HLT33021,Certificate III in Allied Health Assistance,VSS,general,,
HLT33115,Certificate III in Health Services Assistance,VSS,general,,
ICT30120,Certificate III in Information Technology,VSS,general,,
MAR20324,Certificate II in Maritime Operations (Coxswain Grade 1 Near Coastal),VSS,general,,
MEA20418,Certificate II in Aeroskills,VSS,general,,
MEM20422,Certificate II in Engineering Pathways,VSS,general,,
RGR20221,Certificate II in Racing Industry,VSS,general,,
RII20120,Certificate II in Resources and Infrastructure Work Preparation,VSS,general,,
SFI20119,Certificate II in Aquaculture,VSS,general,,
SHB20216,Certificate II in Salon Assistant,VSS,general,,
SHB30221,Certificate III in Make-Up,VSS,general,,
SIT20322,Certificate II in Hospitality,VSS,general,,
SIT20421,Certificate II in Cookery,VSS,general,,
UEE22020,Certificate II in Electrotechnology (Career Start),VSS,general,,
UEE22025,Certificate II in Electrotechnology (Career Start),VSS,general,,
ACM20121,Certificate II in Animal Care,VSS,contract,,
ACM30122,Certificate III in Animal Care Services,VSS,contract,,
AHC20122,Certificate II in Agriculture,VSS,contract,,
AHC20324,Certificate II in Production Horticulture,VSS,contract,,
AHC20422,Certificate II in Horticulture,VSS,contract,,
AHC20624,Certificate II in Parks and Gardens,VSS,contract,,
AHC20724,Certificate II in Nursery Operations,VSS,contract,,
AHC21024,Certificate II in Conservation and Ecosystem Management,VSS,contract,,
AHC21216,Certificate II in Rural Operations,VSS,contract,,
AHC21325,Certificate II in Shearing,VSS,contract,,
AHC21425,Certificate II in Wool Handling,VSS,contract,,
AHC30122,Certificate III in Agriculture,VSS,contract,,
AHC30224,Certificate III in Dairy Production,VSS,contract,,
AHC30324,Certificate III in Rural and Environmental Pest Management,VSS,contract,,
AHC30422,Certificate III in Pork Production,VSS,contract,,
AHC30522,Certificate III in Poultry Production,VSS,contract,,
AHC30624,Certificate III in Production Horticulture,VSS,contract,,
AHC30722,Certificate III in Horticulture,VSS,contract,,
AHC30824,Certificate III in Arboriculture,VSS,contract,,
AHC30921,Certificate III in Landscape Construction,VSS,contract,,
AHC31024,Certificate III in Parks and Gardens,VSS,contract,,
AHC31124,Certificate III in Nursery Operations,VSS,contract,,
AHC31324,Certificate III in Sports Turf Management,VSS,contract,,
AHC31424,Certificate III in Conservation and Ecosystem Management,VSS,contract,,
AHC31824,Certificate III in Beekeeping,VSS,contract,,
AHC32424,Certificate III in Irrigation Technology,VSS,contract,,
AHC32822,Certificate III in Rural Operations,VSS,contract,,
AHC33025,Certificate III in Wool Clip Preparation,VSS,contract,,
AHC33125,Certificate III in Advanced Wool Handling,VSS,contract,,
AHC33325,Certificate III in Feedlot Operations,VSS,contract,,
AMP20316,Certificate II in Meat Processing (Abattoirs),VSS,contract,,
AMP30216,Certificate III in Meat Processing (Food Services),VSS,contract,,
AMP30421,Certificate III in Meat Processing (Rendering),VSS,contract,,
AMP30516,Certificate III in Meat Processing (Slaughtering),VSS,contract,,
AMP30622,Certificate III in Meat Processing,VSS,contract,,
AMP30815,Certificate III in Meat Processing (Retail Butcher),VSS,contract,,
AMP31016,Certificate III in Meat Processing (Smallgoods - Manufacture),VSS,contract,,
AUR20420,Certificate II in Automotive Electrical Technology,VSS,contract,,
AUR20520,Certificate II in Automotive Servicing Technology,VSS,contract,,
AUR21920,Certificate II in Automotive Tyre Servicing Technology,VSS,contract,,
AUR30116,Certificate III in Automotive Administration,VSS,contract,,
AUR30220,Certificate III in Bicycle Workshop Operations,VSS,contract,,
AUR30320,Certificate III in Automotive Electrical Technology,VSS,contract,,
AUR30420,Certificate III in Agricultural Mechanical Technology,VSS,contract,,
AUR30520,Certificate III in Marine Mechanical Technology,VSS,contract,,
AUR30620,Certificate III in Light Vehicle Mechanical Technology,VSS,contract,,
AUR30720,Certificate III in Outdoor Power Equipment Technology,VSS,contract,,
AUR30820,Certificate III in Motorcycle Mechanical Technology,VSS,contract,,
AUR31020,Certificate III in Automotive Sales,VSS,contract,,
AUR31120,Certificate III in Heavy Commercial Vehicle Mechanical Technology,VSS,contract,,
AUR31220,Certificate III in Mobile Plant Technology,VSS,contract,,
AUR31316,Certificate III in Automotive Engine Reconditioning,VSS,contract,,
AUR31420,Certificate III in Automotive Diesel Fuel Technology,VSS,contract,,
AUR31820,Certificate III in Heavy Commercial Trailer Technology,VSS,contract,,
AUR32120,Certificate III in Automotive Body Repair Technology,VSS,contract,,
AUR32220,Certificate III in Automotive Glazing Technology,VSS,contract,,
AUR32320,Certificate III in Automotive and Marine Trimming Technology,VSS,contract,,
AUR32420,Certificate III in Automotive Refinishing Technology,VSS,contract,,
AUR32518,Certificate III in Automotive Underbody Technology,VSS,contract,,
BSB30120,Certificate III in Business,VSS,contract,,
BSB30320,Certificate III in Legal Services,VSS,contract,,
CHC30121,Certificate III in Early Childhood Education and Care,VSS,contract,,
CHC30125,Certificate III in Early Childhood Education and Care,VSS,contract,,
CHC30221,Certificate III in School Based Education Support,VSS,contract,,
CHC32015,Certificate III in Community Services,VSS,contract,,
CHC33021,Certificate III in Individual Support,VSS,contract,,
CPC30216,Certificate III in Signs and Graphics,VSS,contract,,
CPC30220,Certificate III in Carpentry,VSS,contract,,
CPC30320,Certificate III in Concreting,VSS,contract,,
CPC30420,Certificate III in Demolition,VSS,contract,,
CPC30426,Certificate III in Demolition,VSS,contract,,
CPC30620,Certificate III in Painting and Decorating,VSS,contract,,
CPC30820,Certificate III in Roof Tiling,VSS,contract,,
CPC30920,Certificate III in Scaffolding,VSS,contract,,
CPC31020,Certificate III in Solid Plastering,VSS,contract,,
CPC31220,Certificate III in Wall and Ceiling Lining,VSS,contract,,
CPC31320,Certificate III in Wall and Floor Tiling,VSS,contract,,
CPC31920,Certificate III in Joinery,VSS,contract,,
CPC32320,Certificate III in Stonemasonry,VSS,contract,,
CPC32420,Certificate III in Plumbing,VSS,contract,,
CPC32620,Certificate III in Roof Plumbing,VSS,contract,,
CPC33020,Certificate III in Bricklaying and Blocklaying,VSS,contract,,
CPP31519,Certificate III in Real Estate Practice,VSS,contract,,
CUA20220,Certificate II in Creative Industries,VSS,contract,,
CUA20225,Certificate II in Creative Industries,VSS,contract,,
CUA20520,Certificate II in Information and Cultural Services,VSS,contract,,
CUA20525,Certificate II in Information and Cultural Services,VSS,contract,,
CUA30420,Certificate III in Live Production and Technical Services,VSS,contract,,
CUA30425,Certificate III in Live Production and Technical Services,VSS,contract,,
CUA30920,Certificate III in Music,VSS,contract,,
CUA31020,Certificate III in Screen and Media,VSS,contract,,
FBP30121,Certificate III in Food Processing,VSS,contract,,
FBP30321,Certificate III in Cake and Pastry,VSS,contract,,
FBP30421,Certificate III in Bread Baking,VSS,contract,,
FBP30521,Certificate III in Baking,VSS,contract,,
FBP31121,Certificate III in High Volume Baking,VSS,contract,,
FNS30122,Certificate III in Financial Services,VSS,contract,,
FNS30322,Certificate III in Accounts Administration,VSS,contract,,
FWP20322,Certificate II in Timber and Wood Products Operations,VSS,contract,,
FWP30122,Certificate III in Forest Operations,VSS,contract,,
FWP30322,Certificate III in Timber and Wood Products Operations,VSS,contract,,
FWP30622,Certificate III in Timber Building Products Supply,VSS,contract,,
FWP30920,Certificate III in Timber Frame or Truss Manufacture,VSS,contract,,
FWP31021,Certificate III in Saw Technology,VSS,contract,,
FWP31121,Certificate III in Wood Machining,VSS,contract,,
HLT20121,Certificate II in Aboriginal and/or Torres Strait Islander Primary Health Care,VSS,contract,,
HLT30121,Certificate III in Aboriginal and/or Torres Strait Islander Primary Health Care,VSS,contract,,
HLT33021,Certificate III in Allied Health Assistance,VSS,contract,,
HLT33115,Certificate III in Health Services Assistance,VSS,contract,,
HLT35021,Certificate III in Dental Assisting,VSS,contract,,
HLT37015,Certificate III in Sterilisation Services,VSS,contract,,
HLT37215,Certificate III in Pathology Collection,VSS,contract,,
HLT37315,Certificate III in Health Administration,VSS,contract,,
HLT37525,Certificate III in Pathology,VSS,contract,,
ICP20120,Certificate II in Printing and Graphic Arts,VSS,contract,,
ICP31220,Certificate III in Printing,VSS,contract,,
ICP31320,"Certificate III in Print Binding, Finishing and Packaging",VSS,contract,,
ICP31420,Certificate III in Prepress Graphic Design Production,VSS,contract,,
ICT30120,Certificate III in Information Technology,VSS,contract,,
ICT30524,Certificate III in Telecommunications Technology,VSS,contract,,
LGA30120,Certificate III in Local Government,VSS,contract,,
MEA20418,Certificate II in Aeroskills,VSS,contract,,
MEA30118,Certificate III in Aircraft Surface Finishing,VSS,contract,,
MEM20105,Certificate II in Engineering,VSS,contract,,
MEM30119,Certificate III in Engineering - Production Systems,VSS,contract,,
MEM30219,Certificate III in Engineering - Mechanical Trade,VSS,contract,,
MEM30522,Certificate III in Engineering - Technical,VSS,contract,,
MEM30719,Certificate III in Marine Craft Construction,VSS,contract,,
MEM30819,Certificate III in Locksmithing,VSS,contract,,
MEM31922,Certificate III in Engineering - Fabrication Trade,VSS,contract,,
MEM31925,Certificate III in Engineering - Fabrication Trade,VSS,contract,,
MSF30122,Certificate III in Furniture Finishing,VSS,contract,,
MSF30322,Certificate III in Cabinet Making and Timber Technology,VSS,contract,,
MSF30422,Certificate III in Glass and Glazing,VSS,contract,,
MSF30822,Certificate III in Flooring Technology,VSS,contract,,
MSL30122,Certificate III in Laboratory Skills,VSS,contract,,
MSM20116,Certificate II in Process Manufacturing,VSS,contract,,
MSM21122,Certificate II in Recreational Vehicle Trade Pathways,VSS,contract,,
MSM30116,Certificate III in Process Manufacturing,VSS,contract,,
MSM30216,Certificate III in Surface Preparation and Coating Application,VSS,contract,,
MSM31022,Certificate III in Recreational Vehicle Service and Repair,VSS,contract,,
MSM31122,Certificate III in Recreational Vehicle Manufacturing,VSS,contract,,
MST30519,Certificate III in Leather Production,VSS,contract,,
PMB30121,Certificate III in Polymer Processing,VSS,contract,,
RGR20221,Certificate II in Racing Industry,VSS,contract,,
RGR30218,Certificate III in Racing (Stablehand),VSS,contract,,
RGR30518,Certificate III in Racing (Trackwork Rider),VSS,contract,,
RGR30619,Certificate III in Horse Breeding,VSS,contract,,
RII20120,Certificate II in Resources and Infrastructure Work Preparation,VSS,contract,,
RII20720,Certificate II in Civil Construction,VSS,contract,,
RII30120,Certificate III in Surface Extraction Operations,VSS,contract,,
RII30320,Certificate III in Underground Metalliferous Mining,VSS,contract,,
RII30420,Certificate III in Resource Processing,VSS,contract,,
RII30820,Certificate III in Civil Construction Plant Operations,VSS,contract,,
RII30920,Certificate III in Civil Construction,VSS,contract,,
RII31820,Certificate III in Drilling Operations,VSS,contract,,
SFI20119,Certificate II in Aquaculture,VSS,contract,,
SFI20319,Certificate II in Seafood Post Harvest Operations,VSS,contract,,
SFI30119,Certificate III in Aquaculture,VSS,contract,,
SFI30319,Certificate III in Seafood Post Harvest Operations,VSS,contract,,
SFI30419,Certificate III in Fisheries Compliance,VSS,contract,,
SFL20115,Certificate II in Floristry (Assistant),VSS,contract,,
SFL20125,Certificate II in Floristry (Assistant),VSS,contract,,
SFL30115,Certificate III in Floristry,VSS,contract,,
SHB30121,Certificate III in Beauty Services,VSS,contract,,
SHB30321,Certificate III in Nail Technology,VSS,contract,,
SHB30416,Certificate III in Hairdressing,VSS,contract,,
SHB30516,Certificate III in Barbering,VSS,contract,,
SIR30116,Certificate III in Community Pharmacy,VSS,contract,,
SIR30316,Certificate III in Business to Business Sales,VSS,contract,,
SIS30122,"Certificate III in Sport, Aquatics and Recreation",VSS,contract,,
SIS30321,Certificate III in Fitness,VSS,contract,,
SIS30521,Certificate III in Sport Coaching,VSS,contract,,
SIT20421,Certificate II in Cookery,VSS,contract,,
SIT30122,Certificate III in Tourism,VSS,contract,,
SIT30125,Certificate III in Tourism,VSS,contract,,
SIT30222,Certificate III in Travel,VSS,contract,,
SIT30522,Certificate III in Events,VSS,contract,,
SIT30622,Certificate III in Hospitality,VSS,contract,,
SIT30821,Certificate III in Commercial Cookery,VSS,contract,,
TLI20421,Certificate II in Supply Chain Operations,VSS,contract,,
TLI30325,Certificate III in Supply Chain Operations,VSS,contract,,
UEE20720,Certificate II in Data and Voice Communications,VSS,contract,,
UEE21920,Certificate II in Electronics,VSS,contract,,
UEE30220,Certificate III in Computer Systems Equipment,VSS,contract,,
UEE30225,Certificate III in Computer Systems Equipment,VSS,contract,,
UEE30620,Certificate III in Electrical Machine Repair,VSS,contract,,
UEE30625,Certificate III in Electrical Machine Repair,VSS,contract,,
UEE30820,Certificate III in Electrotechnology Electrician,VSS,contract,,
UEE30920,Certificate III in Electronics and Communications,VSS,contract,,
UEE31220,Certificate III in Instrumentation and Control,VSS,contract,,
UEE31225,Certificate III in Instrumentation and Control,VSS,contract,,
UEE32120,Certificate III in Appliance Service,VSS,contract,,
UEE32125,Certificate III in Appliance Service,VSS,contract,,
UEE32225,Certificate III in Air Conditioning and Refrigeration,VSS,contract,,
