course,national_code,url,concession_min,concession_max,subsidised_min,subsidised_max,full_fee_min,full_fee_max
Certificate I in Deaf Gain Education,11077NAT,https://www.tafesa.edu.au/xml/course/aw/aw_AC00127.aspx?Y=2026,,,0,0,15600,15600
Certificate II in Vocational Preparation for Women,11200NAT,https://www.tafesa.edu.au/xml/course/aw/aw_AC00131.aspx?Y=2026,,,0,0,8424,8424
Certificate III in Women's Advocacy,11201NAT,https://www.tafesa.edu.au/xml/course/aw/aw_AC00132.aspx?Y=2026,575,575,575,575,10400,10400
Certificate IV in Women's Advocacy,11202NAT,https://www.tafesa.edu.au/xml/course/aw/aw_AC00133.aspx?Y=2026,506,748,506,748,9152,13520
Certificate IV in Women's Advocacy (Leadership),11202NAT,https://www.tafesa.edu.au/xml/course/aw/aw_AC00134.aspx?Y=2026,529,529,529,529,9568,9568
Certificate III in Community Services,CHC32015,https://www.tafesa.edu.au/xml/course/aw/aw_TP00824.aspx?Y=2026,543,651,1125,1349,2503,2999
Certificate III in Signs and Graphics,CPC30216,https://www.tafesa.edu.au/xml/course/aw/aw_TP01093.aspx?Y=2026&S=APP,,,2808,2808,15334,15334
Certificate III in Plumbing,CPC32420,https://www.tafesa.edu.au/xml/course/aw/aw_TP01214.aspx?Y=2026&S=APP,,,4215,4215,23012,23012
Certificate III in Painting and Decorating,CPC30620,https://www.tafesa.edu.au/xml/course/aw/aw_TP01278.aspx?Y=2026&S=APP,,,4485,4485,24523,24523
Certificate III in Solid Plastering,CPC31020,https://www.tafesa.edu.au/xml/course/aw/aw_TP01279.aspx?Y=2026&S=APP,,,3696,3696,20208,20208
Certificate III in Wall and Ceiling Lining,CPC31220,https://www.tafesa.edu.au/xml/course/aw/aw_TP01280.aspx?Y=2026&S=APP,,,4354,4354,23808,23808
Certificate III in Wall and Floor Tiling,CPC31320,https://www.tafesa.edu.au/xml/course/aw/aw_TP01281.aspx?Y=2026&S=APP,,,3912,3912,21387,21387
Certificate III in Bricklaying and Blocklaying,CPC33020,https://www.tafesa.edu.au/xml/course/aw/aw_TP01283.aspx?Y=2026&S=APP,,,4119,4119,22493,22493
Certificate III in Carpentry,CPC30220,https://www.tafesa.edu.au/xml/course/aw/aw_TP01284.aspx?Y=2026&S=APP,,,4446,4446,24278,24278
Certificate II in Automotive Servicing Technology,AUR20520,https://www.tafesa.edu.au/xml/course/aw/aw_TP01292.aspx?Y=2026,195,338,195,338,6225,10790
Certificate III in Wine Industry Operations (Viticulture),FBP30921,https://www.tafesa.edu.au/xml/course/aw/aw_TP01327.aspx?Y=2026,3220,3220,4600,4600,14720,14720
Certificate III in Wine Industry Operations (Cellar Operations),FBP30921,https://www.tafesa.edu.au/xml/course/aw/aw_TP01328.aspx?Y=2026,3448,3448,4925,4925,15563,15563
Certificate III in Wine Industry Operations (Bottling and Packaging),FBP30921,https://www.tafesa.edu.au/xml/course/aw/aw_TP01329.aspx?Y=2026,2758,2758,3940,3940,12450,12450
Certificate III in Landscape Construction,AHC30921,https://www.tafesa.edu.au/xml/course/aw/aw_TP01351.aspx?Y=2026&S=APP,,,4005,4370,7747,8453
Certificate II in Cookery,SIT20421,https://www.tafesa.edu.au/xml/course/aw/aw_TP01360.aspx?Y=2026,257,257,257,257,4898,4898
Certificate IV in Electrical - Instrumentation,UEE40420,https://www.tafesa.edu.au/xml/course/aw/aw_TP01372.aspx?Y=2026,1716,1716,2376,2376,9130,9130
Certificate III in Glass and Glazing,MSF30422,https://www.tafesa.edu.au/xml/course/aw/aw_TP01402.aspx?Y=2026&S=APP,,,2718,2718,14861,14861
Certificate III in Concreting,CPC30320,https://www.tafesa.edu.au/xml/course/aw/aw_TP01430.aspx?Y=2026&S=APP,,,3758,3758,20545,20545
Certificate II in Agriculture,AHC20122,https://www.tafesa.edu.au/xml/course/aw/aw_TP01431.aspx?Y=2026,277,533,277,533,3124,6027
Certificate II in Horticulture,AHC20422,https://www.tafesa.edu.au/xml/course/aw/aw_TP01433.aspx?Y=2026,296,371,296,371,2776,3477
Certificate III in Agriculture,AHC30122,https://www.tafesa.edu.au/xml/course/aw/aw_TP01434.aspx?Y=2026,2496,4087,3613,5917,5476,8967
Certificate III in Horticulture,AHC30722,https://www.tafesa.edu.au/xml/course/aw/aw_TP01435.aspx?Y=2026,3023,3754,4418,5486,6836,8490
Certificate III in Cabinet Making and Timber Technology (Furniture),MSF30322,https://www.tafesa.edu.au/xml/course/aw/aw_TP01438.aspx?Y=2026&S=APP,,,4004,4004,21892,21892
Certificate III in Cabinet Making and Timber Technology (Kitchens and Bathrooms),MSF30322,https://www.tafesa.edu.au/xml/course/aw/aw_TP01439.aspx?Y=2026&S=APP,,,4004,4004,21892,21892
Certificate III in Flooring Technology,MSF30822,https://www.tafesa.edu.au/xml/course/aw/aw_TP01440.aspx?Y=2026&S=APP,,,3453,3453,18882,18882
Diploma of Community Services,CHC52025,https://www.tafesa.edu.au/xml/course/aw/aw_TP01554.aspx?Y=2026,3650,3650,5840,5840,8614,8614
SSDIS01008 - Introduction to Construction Skill Set,SSDIS01008,https://www.tafesa.edu.au/xml/course/sc/sc_T988879281.aspx,,,,,3432,3432
